index,accident_id,ST_CASE,VE_TOTAL,VE_FORMS,PEDS,PERSONS,COUNTY,county_name,CITY,city_name,DAY,MONTH,MAN_COLL,man_coll_lit,REL_ROAD,LGT_COND,lgt_cond_lit,WEATHER,weather_lit,A_TOD,a_tod_lit,DEAD
0,2012040001,40001,1,1,0,1,19,PIMA,0,NONE LISTED,1,1,0,Not a Collision with Motor Vehicle In-Transport,1,2,Dark - Not Lighted,1,Clear,2,Nighttime,NO
1,2012040002,40002,1,1,0,2,25,YAVAPAI,90,CLARKDALE,1,1,0,Not a Collision with Motor Vehicle In-Transport,4,1,Daylight,10,Cloudy,1,Daytime,NO
2,2012040003,40003,1,1,1,0,13,MARICOPA,370,PHOENIX,1,1,0,Not a Collision with Motor Vehicle In-Transport,4,3,Dark - Lighted,1,Clear,2,Nighttime,NO
3,2012040004,40004,2,2,0,2,13,MARICOPA,190,GILBERT,1,1,6,Angle,1,3,Dark - Lighted,1,Clear,2,Nighttime,YES
4,2012040005,40005,2,2,0,4,19,PIMA,530,TUCSON,4,1,0,Not a Collision with Motor Vehicle In-Transport,4,2,Dark - Not Lighted,1,Clear,2,Nighttime,NO
5,2012040006,40006,1,1,1,1,13,MARICOPA,290,MESA,4,1,0,Not a Collision with Motor Vehicle In-Transport,1,1,Daylight,1,Clear,1,Daytime,YES
6,2012040010,40010,1,1,0,1,25,YAVAPAI,0,NONE LISTED,6,1,0,Not a Collision with Motor Vehicle In-Transport,3,1,Daylight,1,Clear,1,Daytime,YES
7,2012040013,40013,1,1,0,2,13,MARICOPA,290,MESA,9,1,0,Not a Collision with Motor Vehicle In-Transport,1,1,Daylight,1,Clear,1,Daytime,NO
8,2012040014,40014,1,1,1,1,9,GRAHAM,0,NONE LISTED,9,1,0,Not a Collision with Motor Vehicle In-Transport,1,2,Dark - Not Lighted,1,Clear,2,Nighttime,NO
9,2012040017,40017,2,2,0,2,21,PINAL,0,NONE LISTED,11,1,1,Front-to-Rear,1,2,Dark - Not Lighted,10,Cloudy,1,Daytime,YES
10,2012040018,40018,1,1,1,1,13,MARICOPA,370,PHOENIX,11,1,0,Not a Collision with Motor Vehicle In-Transport,1,3,Dark - Lighted,1,Clear,2,Nighttime,YES
11,2012040020,40020,2,2,0,5,13,MARICOPA,80,CHANDLER,15,1,6,Angle,1,1,Daylight,1,Clear,1,Daytime,YES
12,2012040022,40022,2,2,0,3,15,MOHAVE,0,NONE LISTED,15,1,6,Angle,1,1,Daylight,1,Clear,1,Daytime,YES
13,2012040023,40023,3,3,0,5,13,MARICOPA,290,MESA,15,1,6,Angle,1,3,Dark - Lighted,10,Cloudy,2,Nighttime,YES
14,2012040027,40027,3,3,0,6,19,PIMA,0,NONE LISTED,19,1,8,Sideswipe - Opposite Direction,1,1,Daylight,1,Clear,1,Daytime,YES
15,2012040037,40037,4,4,0,8,7,GILA,365,PAYSON,27,1,7,Sideswipe - Same Direction,1,1,Daylight,1,Clear,1,Daytime,YES
16,2012040038,40038,1,1,1,3,17,NAVAJO,0,NONE LISTED,29,1,0,Not a Collision with Motor Vehicle In-Transport,1,2,Dark - Not Lighted,1,Clear,2,Nighttime,NO
17,2012040039,40039,2,2,0,2,13,MARICOPA,200,GLENDALE,3,1,99,Unknown,1,3,Dark - Lighted,1,Clear,2,Nighttime,NO
18,2012040040,40040,1,1,0,1,17,NAVAJO,0,NONE LISTED,3,1,0,Not a Collision with Motor Vehicle In-Transport,6,3,Dark - Lighted,1,Clear,3,Unknown,YES
19,2012040042,40042,1,1,0,1,15,MOHAVE,0,NONE LISTED,2,1,0,Not a Collision with Motor Vehicle In-Transport,4,2,Dark - Not Lighted,1,Clear,2,Nighttime,YES
20,2012040043,40043,2,2,0,2,19,PIMA,530,TUCSON,3,1,1,Front-to-Rear,1,1,Daylight,1,Clear,1,Daytime,YES
21,2012040048,40048,1,1,1,1,13,MARICOPA,420,SCOTTSDALE,13,1,0,Not a Collision with Motor Vehicle In-Transport,1,1,Daylight,1,Clear,1,Daytime,NO
22,2012040050,40050,1,1,1,1,13,MARICOPA,200,GLENDALE,14,1,0,Not a Collision with Motor Vehicle In-Transport,1,3,Dark - Lighted,1,Clear,2,Nighttime,NO
23,2012040052,40052,2,2,0,2,13,MARICOPA,388,QUEEN CREEK,20,1,6,Angle,1,1,Daylight,1,Clear,1,Daytime,NO
24,2012040053,40053,1,1,1,1,13,MARICOPA,370,PHOENIX,20,1,0,Not a Collision with Motor Vehicle In-Transport,1,1,Daylight,1,Clear,1,Daytime,YES
25,2012040054,40054,1,1,0,2,19,PIMA,0,NONE LISTED,22,1,0,Not a Collision with Motor Vehicle In-Transport,5,9,Unknown,99,Unknown,3,Unknown,YES
26,2012040057,40057,2,2,0,2,7,GILA,210,GLOBE,24,1,2,Front-to-Front,1,1,Daylight,1,Clear,1,Daytime,NO
27,2012040058,40058,1,1,1,2,13,MARICOPA,370,PHOENIX,26,1,0,Not a Collision with Motor Vehicle In-Transport,1,3,Dark - Lighted,1,Clear,2,Nighttime,NO
28,2012040061,40061,1,1,1,2,13,MARICOPA,420,SCOTTSDALE,28,1,0,Not a Collision with Motor Vehicle In-Transport,1,2,Dark - Not Lighted,1,Clear,2,Nighttime,NO
29,2012040063,40063,1,1,1,1,13,MARICOPA,370,PHOENIX,30,1,0,Not a Collision with Motor Vehicle In-Transport,1,5,Dusk,1,Clear,2,Nighttime,NO
30,2012040065,40065,1,1,0,1,15,MOHAVE,0,NONE LISTED,2,2,0,Not a Collision with Motor Vehicle In-Transport,6,1,Daylight,1,Clear,1,Daytime,NO
31,2012040066,40066,1,1,0,1,25,YAVAPAI,0,NONE LISTED,2,2,0,Not a Collision with Motor Vehicle In-Transport,5,1,Daylight,1,Clear,1,Daytime,NO
32,2012040070,40070,1,1,2,1,13,MARICOPA,158,EL MIRAGE,3,2,0,Not a Collision with Motor Vehicle In-Transport,1,3,Dark - Lighted,1,Clear,2,Nighttime,NO
33,2012040074,40074,1,1,0,1,13,MARICOPA,0,NONE LISTED,10,2,0,Not a Collision with Motor Vehicle In-Transport,4,2,Dark - Not Lighted,1,Clear,2,Nighttime,YES
34,2012040075,40075,2,2,0,3,19,PIMA,0,NONE LISTED,10,2,2,Front-to-Front,1,1,Daylight,1,Clear,1,Daytime,NO
35,2012040076,40076,1,1,0,1,19,PIMA,0,NONE LISTED,11,2,0,Not a Collision with Motor Vehicle In-Transport,4,2,Dark - Not Lighted,1,Clear,3,Unknown,NO
36,2012040079,40079,1,1,0,2,25,YAVAPAI,0,NONE LISTED,18,2,0,Not a Collision with Motor Vehicle In-Transport,4,1,Daylight,1,Clear,1,Daytime,YES
37,2012040082,40082,1,1,0,1,15,MOHAVE,0,NONE LISTED,20,2,0,Not a Collision with Motor Vehicle In-Transport,4,2,Dark - Not Lighted,1,Clear,2,Nighttime,YES
38,2012040084,40084,1,1,1,1,13,MARICOPA,30,AVONDALE,22,2,0,Not a Collision with Motor Vehicle In-Transport,1,3,Dark - Lighted,1,Clear,2,Nighttime,YES
39,2012040085,40085,2,2,0,4,27,YUMA,620,YUMA,24,2,2,Front-to-Front,1,1,Daylight,1,Clear,1,Daytime,NO
40,2012040087,40087,1,1,0,1,25,YAVAPAI,0,NONE LISTED,24,2,0,Not a Collision with Motor Vehicle In-Transport,5,1,Daylight,1,Clear,1,Daytime,YES
41,2012040089,40089,2,2,0,3,19,PIMA,0,NONE LISTED,25,2,2,Front-to-Front,1,1,Daylight,1,Clear,1,Daytime,NO
42,2012040096,40096,1,1,0,2,25,YAVAPAI,0,NONE LISTED,26,2,0,Not a Collision with Motor Vehicle In-Transport,5,2,Dark - Not Lighted,1,Clear,2,Nighttime,NO
43,2012040100,40100,3,3,0,3,13,MARICOPA,370,PHOENIX,7,2,6,Angle,1,1,Daylight,10,Cloudy,1,Daytime,YES
44,2012040101,40101,4,4,0,10,13,MARICOPA,370,PHOENIX,9,2,6,Angle,1,1,Daylight,1,Clear,1,Daytime,YES
45,2012040103,40103,1,1,0,1,13,MARICOPA,200,GLENDALE,10,2,0,Not a Collision with Motor Vehicle In-Transport,3,3,Dark - Lighted,1,Clear,2,Nighttime,YES
46,2012040104,40104,1,1,1,4,13,MARICOPA,370,PHOENIX,11,2,0,Not a Collision with Motor Vehicle In-Transport,1,3,Dark - Lighted,1,Clear,2,Nighttime,NO
47,2012040106,40106,1,1,0,1,19,PIMA,530,TUCSON,14,2,0,Not a Collision with Motor Vehicle In-Transport,3,3,Dark - Lighted,1,Clear,2,Nighttime,YES
48,2012040107,40107,1,1,1,1,13,MARICOPA,60,BUCKEYE,18,2,0,Not a Collision with Motor Vehicle In-Transport,1,3,Dark - Lighted,10,Cloudy,2,Nighttime,NO
49,2012040108,40108,1,1,0,1,13,MARICOPA,370,PHOENIX,19,2,0,Not a Collision with Motor Vehicle In-Transport,5,3,Dark - Lighted,1,Clear,2,Nighttime,NO
50,2012040111,40111,4,4,0,12,1,APACHE,0,NONE LISTED,24,2,1,Front-to-Rear,1,1,Daylight,1,Clear,1,Daytime,YES
51,2012040112,40112,1,1,0,1,21,PINAL,0,NONE LISTED,25,2,0,Not a Collision with Motor Vehicle In-Transport,6,6,Dark - Unknown Lighting,1,Clear,2,Nighttime,YES
52,2012040114,40114,1,1,0,2,12,LA PAZ,0,NONE LISTED,25,2,0,Not a Collision with Motor Vehicle In-Transport,4,2,Dark - Not Lighted,1,Clear,1,Daytime,YES
53,2012040115,40115,2,2,0,3,19,PIMA,0,NONE LISTED,25,2,6,Angle,1,1,Daylight,1,Clear,1,Daytime,YES
54,2012040116,40116,3,1,1,1,13,MARICOPA,370,PHOENIX,28,2,0,Not a Collision with Motor Vehicle In-Transport,1,1,Daylight,1,Clear,1,Daytime,YES
55,2012040117,40117,1,1,1,2,23,SANTA CRUZ,330,NOGALES,1,3,0,Not a Collision with Motor Vehicle In-Transport,1,2,Dark - Not Lighted,1,Clear,2,Nighttime,YES
56,2012040118,40118,1,1,1,1,13,MARICOPA,370,PHOENIX,29,2,0,Not a Collision with Motor Vehicle In-Transport,4,1,Daylight,1,Clear,1,Daytime,YES
57,2012040121,40121,1,1,0,2,25,YAVAPAI,90,CLARKDALE,4,3,0,Not a Collision with Motor Vehicle In-Transport,4,5,Dusk,1,Clear,2,Nighttime,YES
58,2012040123,40123,1,1,0,6,15,MOHAVE,0,NONE LISTED,6,3,0,Not a Collision with Motor Vehicle In-Transport,4,2,Dark - Not Lighted,10,Cloudy,2,Nighttime,YES
59,2012040124,40124,1,1,2,1,13,MARICOPA,290,MESA,8,3,0,Not a Collision with Motor Vehicle In-Transport,1,1,Daylight,1,Clear,1,Daytime,YES
60,2012040126,40126,1,1,0,1,13,MARICOPA,290,MESA,9,3,0,Not a Collision with Motor Vehicle In-Transport,4,1,Daylight,1,Clear,1,Daytime,YES
61,2012040127,40127,1,1,1,1,19,PIMA,0,NONE LISTED,9,3,0,Not a Collision with Motor Vehicle In-Transport,1,2,Dark - Not Lighted,1,Clear,2,Nighttime,NO
62,2012040132,40132,1,1,1,3,13,MARICOPA,420,SCOTTSDALE,11,3,0,Not a Collision with Motor Vehicle In-Transport,1,1,Daylight,1,Clear,1,Daytime,NO
63,2012040134,40134,2,2,0,2,27,YUMA,0,NONE LISTED,13,3,2,Front-to-Front,1,4,Dawn,1,Clear,2,Nighttime,YES
64,2012040135,40135,2,2,0,2,13,MARICOPA,290,MESA,16,3,6,Angle,1,1,Daylight,1,Clear,1,Daytime,YES
65,2012040136,40136,2,2,0,3,13,MARICOPA,220,GOODYEAR,16,3,0,Not a Collision with Motor Vehicle In-Transport,1,3,Dark - Lighted,1,Clear,2,Nighttime,NO
66,2012040148,40148,2,2,0,2,19,PIMA,530,TUCSON,31,3,1,Front-to-Rear,1,3,Dark - Lighted,1,Clear,2,Nighttime,YES
67,2012040155,40155,2,2,0,4,13,MARICOPA,80,CHANDLER,22,3,6,Angle,1,1,Daylight,1,Clear,2,Nighttime,YES
68,2012040156,40156,1,1,0,1,19,PIMA,530,TUCSON,24,3,0,Not a Collision with Motor Vehicle In-Transport,4,3,Dark - Lighted,1,Clear,2,Nighttime,YES
69,2012040157,40157,1,1,1,2,13,MARICOPA,420,SCOTTSDALE,23,3,0,Not a Collision with Motor Vehicle In-Transport,1,5,Dusk,1,Clear,2,Nighttime,YES
70,2012040159,40159,1,1,0,1,13,MARICOPA,189,GILA BEND,23,2,0,Not a Collision with Motor Vehicle In-Transport,6,6,Dark - Unknown Lighting,99,Unknown,3,Unknown,NO
71,2012040163,40163,2,2,0,3,13,MARICOPA,200,GLENDALE,18,3,6,Angle,1,5,Dusk,10,Cloudy,1,Daytime,NO
72,2012040165,40165,4,4,0,6,21,PINAL,0,NONE LISTED,30,3,0,Not a Collision with Motor Vehicle In-Transport,1,1,Daylight,1,Clear,1,Daytime,NO
73,2012040166,40166,1,1,0,1,15,MOHAVE,0,NONE LISTED,25,3,0,Not a Collision with Motor Vehicle In-Transport,4,4,Dawn,1,Clear,3,Unknown,YES
74,2012040167,40167,2,2,0,5,15,MOHAVE,0,NONE LISTED,27,3,2,Front-to-Front,1,1,Daylight,1,Clear,1,Daytime,NO
75,2012040168,40168,1,1,4,1,13,MARICOPA,200,GLENDALE,10,3,0,Not a Collision with Motor Vehicle In-Transport,4,3,Dark - Lighted,1,Clear,2,Nighttime,NO
76,2012040169,40169,2,2,0,2,19,PIMA,0,NONE LISTED,12,3,1,Front-to-Rear,1,1,Daylight,1,Clear,1,Daytime,NO
77,2012040170,40170,1,1,0,2,1,APACHE,183,FORT DEFIANCE,13,3,0,Not a Collision with Motor Vehicle In-Transport,5,6,Dark - Unknown Lighting,99,Unknown,2,Nighttime,YES
78,2012040171,40171,1,1,0,1,17,NAVAJO,0,NONE LISTED,13,3,0,Not a Collision with Motor Vehicle In-Transport,4,1,Daylight,99,Unknown,1,Daytime,YES
79,2012040176,40176,2,2,0,5,13,MARICOPA,420,SCOTTSDALE,18,3,99,Unknown,99,9,Unknown,99,Unknown,2,Nighttime,YES
80,2012040179,40179,1,1,1,1,13,MARICOPA,370,PHOENIX,22,3,0,Not a Collision with Motor Vehicle In-Transport,1,3,Dark - Lighted,1,Clear,2,Nighttime,NO
81,2012040181,40181,1,1,1,1,5,COCONINO,0,NONE LISTED,23,3,0,Not a Collision with Motor Vehicle In-Transport,1,2,Dark - Not Lighted,1,Clear,2,Nighttime,YES
82,2012040184,40184,1,1,0,1,13,MARICOPA,370,PHOENIX,25,3,0,Not a Collision with Motor Vehicle In-Transport,3,9,Unknown,99,Unknown,1,Daytime,NO
83,2012040185,40185,1,1,0,5,1,APACHE,0,NONE LISTED,26,3,0,Not a Collision with Motor Vehicle In-Transport,4,2,Dark - Not Lighted,1,Clear,2,Nighttime,NO
84,2012040192,40192,1,1,0,5,19,PIMA,530,TUCSON,31,3,0,Not a Collision with Motor Vehicle In-Transport,4,2,Dark - Not Lighted,1,Clear,2,Nighttime,NO
85,2012040195,40195,2,2,0,3,13,MARICOPA,368,PEORIA,31,3,0,Not a Collision with Motor Vehicle In-Transport,1,3,Dark - Lighted,1,Clear,2,Nighttime,YES
86,2012040196,40196,2,2,0,4,11,GREENLEE,140,DUNCAN,31,3,99,Unknown,1,6,Dark - Unknown Lighting,99,Unknown,3,Unknown,NO
87,2012040197,40197,1,1,1,1,19,PIMA,0,NONE LISTED,1,4,0,Not a Collision with Motor Vehicle In-Transport,1,2,Dark - Not Lighted,1,Clear,2,Nighttime,YES
88,2012040198,40198,1,1,1,1,13,MARICOPA,290,MESA,2,4,0,Not a Collision with Motor Vehicle In-Transport,1,4,Dawn,1,Clear,1,Daytime,NO
89,2012040203,40203,1,1,0,1,25,YAVAPAI,0,NONE LISTED,8,4,0,Not a Collision with Motor Vehicle In-Transport,4,5,Dusk,1,Clear,2,Nighttime,YES
90,2012040205,40205,2,2,0,2,13,MARICOPA,368,PEORIA,13,4,6,Angle,1,1,Daylight,1,Clear,1,Daytime,NO
91,2012040207,40207,1,1,0,2,13,MARICOPA,190,GILBERT,15,4,0,Not a Collision with Motor Vehicle In-Transport,4,1,Daylight,1,Clear,1,Daytime,NO
92,2012040208,40208,1,1,0,1,19,PIMA,530,TUCSON,16,4,0,Not a Collision with Motor Vehicle In-Transport,4,2,Dark - Not Lighted,1,Clear,2,Nighttime,NO
93,2012040209,40209,1,1,0,1,19,PIMA,0,NONE LISTED,16,4,0,Not a Collision with Motor Vehicle In-Transport,5,2,Dark - Not Lighted,1,Clear,2,Nighttime,NO
94,2012040210,40210,2,2,0,2,19,PIMA,0,NONE LISTED,16,4,6,Angle,1,1,Daylight,1,Clear,2,Nighttime,YES
95,2012040211,40211,1,1,1,1,13,MARICOPA,370,PHOENIX,18,4,0,Not a Collision with Motor Vehicle In-Transport,1,1,Daylight,1,Clear,1,Daytime,YES
96,2012040213,40213,1,1,0,1,27,YUMA,620,YUMA,19,4,0,Not a Collision with Motor Vehicle In-Transport,4,3,Dark - Lighted,1,Clear,2,Nighttime,YES
97,2012040214,40214,1,1,1,1,19,PIMA,0,NONE LISTED,19,4,0,Not a Collision with Motor Vehicle In-Transport,1,2,Dark - Not Lighted,1,Clear,2,Nighttime,NO
98,2012040216,40216,2,2,0,2,13,MARICOPA,0,NONE LISTED,20,4,6,Angle,1,1,Daylight,1,Clear,1,Daytime,YES
99,2012040218,40218,2,2,0,2,19,PIMA,530,TUCSON,21,4,2,Front-to-Front,1,1,Daylight,1,Clear,1,Daytime,NO
100,2012040220,40220,1,1,0,2,13,MARICOPA,0,NONE LISTED,21,4,0,Not a Collision with Motor Vehicle In-Transport,4,2,Dark - Not Lighted,1,Clear,2,Nighttime,NO
101,2012040221,40221,2,2,0,3,15,MOHAVE,0,NONE LISTED,22,4,6,Angle,1,1,Daylight,1,Clear,2,Nighttime,NO
102,2012040224,40224,1,1,0,1,21,PINAL,0,NONE LISTED,25,4,0,Not a Collision with Motor Vehicle In-Transport,5,1,Daylight,10,Cloudy,1,Daytime,YES
103,2012040226,40226,1,1,1,1,25,YAVAPAI,386,PRESCOTT,27,4,0,Not a Collision with Motor Vehicle In-Transport,1,1,Daylight,1,Clear,1,Daytime,NO
104,2012040227,40227,2,1,0,1,19,PIMA,530,TUCSON,28,4,0,Not a Collision with Motor Vehicle In-Transport,1,3,Dark - Lighted,1,Clear,2,Nighttime,NO
105,2012040228,40228,1,1,1,1,21,PINAL,22,APACHE JUNCTION,28,4,0,Not a Collision with Motor Vehicle In-Transport,1,2,Dark - Not Lighted,1,Clear,2,Nighttime,YES
106,2012040231,40231,1,1,0,1,27,YUMA,620,YUMA,21,4,0,Not a Collision with Motor Vehicle In-Transport,1,1,Daylight,1,Clear,1,Daytime,YES
107,2012040232,40232,2,2,0,6,13,MARICOPA,80,CHANDLER,21,4,6,Angle,1,3,Dark - Lighted,1,Clear,3,Unknown,YES
108,2012040235,40235,2,2,0,2,13,MARICOPA,68,CAREFREE,1,4,0,Not a Collision with Motor Vehicle In-Transport,4,1,Daylight,1,Clear,1,Daytime,YES
109,2012040238,40238,1,1,0,1,13,MARICOPA,30,AVONDALE,6,4,0,Not a Collision with Motor Vehicle In-Transport,3,3,Dark - Lighted,1,Clear,2,Nighttime,NO
110,2012040239,40239,2,2,0,3,13,MARICOPA,370,PHOENIX,7,4,6,Angle,1,3,Dark - Lighted,1,Clear,2,Nighttime,YES
111,2012040240,40240,1,1,0,3,13,MARICOPA,200,GLENDALE,9,4,0,Not a Collision with Motor Vehicle In-Transport,4,3,Dark - Lighted,1,Clear,2,Nighttime,YES
112,2012040241,40241,1,1,0,1,19,PIMA,530,TUCSON,13,4,0,Not a Collision with Motor Vehicle In-Transport,1,1,Daylight,1,Clear,1,Daytime,YES
113,2012040242,40242,1,1,0,2,1,APACHE,0,NONE LISTED,14,4,0,Not a Collision with Motor Vehicle In-Transport,4,2,Dark - Not Lighted,10,Cloudy,2,Nighttime,NO
114,2012040244,40244,2,2,0,2,1,APACHE,0,NONE LISTED,16,4,1,Front-to-Rear,1,1,Daylight,1,Clear,2,Nighttime,YES
115,2012040245,40245,1,1,0,1,7,GILA,0,NONE LISTED,18,4,0,Not a Collision with Motor Vehicle In-Transport,99,9,Unknown,99,Unknown,3,Unknown,NO
116,2012040246,40246,1,1,1,2,13,MARICOPA,370,PHOENIX,19,4,0,Not a Collision with Motor Vehicle In-Transport,1,3,Dark - Lighted,1,Clear,2,Nighttime,YES
117,2012040247,40247,1,1,0,3,5,COCONINO,0,NONE LISTED,20,4,0,Not a Collision with Motor Vehicle In-Transport,1,1,Daylight,1,Clear,2,Nighttime,NO
118,2012040249,40249,1,1,2,2,7,GILA,0,NONE LISTED,22,4,0,Not a Collision with Motor Vehicle In-Transport,1,2,Dark - Not Lighted,1,Clear,2,Nighttime,NO
119,2012040250,40250,2,2,0,3,13,MARICOPA,370,PHOENIX,22,4,6,Angle,1,1,Daylight,1,Clear,1,Daytime,YES
120,2012040251,40251,2,2,2,1,1,APACHE,0,NONE LISTED,24,4,2,Front-to-Front,1,2,Dark - Not Lighted,1,Clear,2,Nighttime,NO
121,2012040253,40253,1,1,0,2,1,APACHE,183,FORT DEFIANCE,25,4,0,Not a Collision with Motor Vehicle In-Transport,6,2,Dark - Not Lighted,1,Clear,2,Nighttime,YES
122,2012040256,40256,2,2,0,4,13,MARICOPA,370,PHOENIX,30,4,2,Front-to-Front,1,1,Daylight,1,Clear,1,Daytime,NO
123,2012040259,40259,1,1,0,11,21,PINAL,70,CASA GRANDE,2,5,0,Not a Collision with Motor Vehicle In-Transport,4,3,Dark - Lighted,1,Clear,2,Nighttime,NO
124,2012040260,40260,1,1,0,1,25,YAVAPAI,386,PRESCOTT,2,5,0,Not a Collision with Motor Vehicle In-Transport,4,5,Dusk,1,Clear,2,Nighttime,YES
125,2012040261,40261,2,2,0,2,13,MARICOPA,290,MESA,3,5,6,Angle,1,3,Dark - Lighted,1,Clear,2,Nighttime,YES
126,2012040262,40262,1,1,0,1,19,PIMA,0,NONE LISTED,6,5,0,Not a Collision with Motor Vehicle In-Transport,6,1,Daylight,1,Clear,1,Daytime,YES
127,2012040264,40264,1,1,1,1,13,MARICOPA,80,CHANDLER,9,5,0,Not a Collision with Motor Vehicle In-Transport,1,1,Daylight,1,Clear,1,Daytime,NO
128,2012040270,40270,1,1,0,1,3,COCHISE,431,SIERRA VISTA,13,5,0,Not a Collision with Motor Vehicle In-Transport,3,3,Dark - Lighted,1,Clear,2,Nighttime,YES
129,2012040276,40276,1,1,0,1,19,PIMA,0,NONE LISTED,20,5,0,Not a Collision with Motor Vehicle In-Transport,4,1,Daylight,1,Clear,1,Daytime,NO
130,2012040280,40280,1,1,0,4,19,PIMA,0,NONE LISTED,23,5,0,Not a Collision with Motor Vehicle In-Transport,6,2,Dark - Not Lighted,1,Clear,2,Nighttime,NO
131,2012040281,40281,1,1,0,1,15,MOHAVE,0,NONE LISTED,24,5,0,Not a Collision with Motor Vehicle In-Transport,3,1,Daylight,1,Clear,1,Daytime,NO
132,2012040286,40286,2,2,0,2,5,COCONINO,170,FLAGSTAFF,29,5,6,Angle,1,2,Dark - Not Lighted,1,Clear,2,Nighttime,NO
133,2012040291,40291,3,3,0,5,19,PIMA,530,TUCSON,13,5,6,Angle,1,4,Dawn,1,Clear,2,Nighttime,NO
134,2012040293,40293,1,1,0,1,19,PIMA,0,NONE LISTED,13,5,0,Not a Collision with Motor Vehicle In-Transport,4,1,Daylight,1,Clear,1,Daytime,YES
135,2012040295,40295,1,1,0,1,7,GILA,0,NONE LISTED,12,5,0,Not a Collision with Motor Vehicle In-Transport,4,1,Daylight,1,Clear,1,Daytime,YES
136,2012040300,40300,1,1,0,6,13,MARICOPA,30,AVONDALE,24,5,0,Not a Collision with Motor Vehicle In-Transport,1,1,Daylight,1,Clear,1,Daytime,YES
137,2012040301,40301,2,2,0,2,13,MARICOPA,80,CHANDLER,23,5,6,Angle,1,1,Daylight,1,Clear,1,Daytime,YES
138,2012040302,40302,2,2,0,2,13,MARICOPA,60,BUCKEYE,5,5,1,Front-to-Rear,1,3,Dark - Lighted,1,Clear,2,Nighttime,NO
139,2012040303,40303,1,1,0,4,17,NAVAJO,0,NONE LISTED,5,5,0,Not a Collision with Motor Vehicle In-Transport,1,1,Daylight,1,Clear,1,Daytime,NO
140,2012040304,40304,1,1,0,3,21,PINAL,0,NONE LISTED,6,5,0,Not a Collision with Motor Vehicle In-Transport,4,2,Dark - Not Lighted,99,Unknown,2,Nighttime,NO
141,2012040305,40305,2,2,0,6,13,MARICOPA,370,PHOENIX,6,5,6,Angle,1,1,Daylight,1,Clear,1,Daytime,YES
142,2012040307,40307,1,1,0,2,1,APACHE,0,NONE LISTED,14,5,0,Not a Collision with Motor Vehicle In-Transport,4,1,Daylight,98,Not Reported,1,Daytime,NO
143,2012040308,40308,2,2,0,3,13,MARICOPA,227,GUADALUPE,16,5,6,Angle,1,1,Daylight,1,Clear,2,Nighttime,YES
144,2012040309,40309,1,1,0,7,17,NAVAJO,0,NONE LISTED,18,5,0,Not a Collision with Motor Vehicle In-Transport,4,1,Daylight,1,Clear,1,Daytime,NO
145,2012040310,40310,3,3,0,9,21,PINAL,297,MARICOPA WELLS,18,5,8,Sideswipe - Opposite Direction,1,1,Daylight,1,Clear,1,Daytime,NO
146,2012040312,40312,1,1,0,3,21,PINAL,0,NONE LISTED,19,5,0,Not a Collision with Motor Vehicle In-Transport,4,2,Dark - Not Lighted,1,Clear,2,Nighttime,NO
147,2012040313,40313,2,2,0,3,19,PIMA,0,NONE LISTED,19,5,1,Front-to-Rear,2,2,Dark - Not Lighted,1,Clear,2,Nighttime,NO
148,2012040317,40317,2,2,0,5,21,PINAL,0,NONE LISTED,25,5,6,Angle,1,1,Daylight,1,Clear,2,Nighttime,YES
149,2012040318,40318,1,1,0,14,1,APACHE,0,NONE LISTED,27,5,0,Not a Collision with Motor Vehicle In-Transport,6,1,Daylight,1,Clear,1,Daytime,NO
150,2012040320,40320,1,1,0,2,23,SANTA CRUZ,17,AMADO,22,5,0,Not a Collision with Motor Vehicle In-Transport,1,3,Dark - Lighted,1,Clear,2,Nighttime,NO
151,2012040323,40323,1,1,0,1,3,COCHISE,0,NONE LISTED,2,6,0,Not a Collision with Motor Vehicle In-Transport,4,1,Daylight,1,Clear,1,Daytime,NO
152,2012040325,40325,1,1,0,1,23,SANTA CRUZ,330,NOGALES,3,6,0,Not a Collision with Motor Vehicle In-Transport,4,3,Dark - Lighted,1,Clear,2,Nighttime,NO
153,2012040326,40326,2,1,1,0,23,SANTA CRUZ,330,NOGALES,6,6,0,Not a Collision with Motor Vehicle In-Transport,1,1,Daylight,1,Clear,1,Daytime,YES
154,2012040329,40329,2,2,0,2,19,PIMA,0,NONE LISTED,8,6,2,Front-to-Front,1,1,Daylight,1,Clear,2,Nighttime,NO
155,2012040330,40330,1,1,0,1,19,PIMA,0,NONE LISTED,8,6,0,Not a Collision with Motor Vehicle In-Transport,6,2,Dark - Not Lighted,1,Clear,2,Nighttime,YES
156,2012040332,40332,1,1,1,1,15,MOHAVE,260,KINGMAN,13,6,0,Not a Collision with Motor Vehicle In-Transport,2,3,Dark - Lighted,1,Clear,2,Nighttime,YES
157,2012040337,40337,1,1,0,1,5,COCONINO,0,NONE LISTED,19,6,0,Not a Collision with Motor Vehicle In-Transport,1,3,Dark - Lighted,1,Clear,2,Nighttime,NO