index,accident_id,ST_CASE,VE_TOTAL,VE_FORMS,PEDS,PERSONS,COUNTY,county_name,CITY,city_name,DAY,MONTH,MAN_COLL,man_coll_lit,REL_ROAD,LGT_COND,lgt_cond_lit,WEATHER,weather_lit,A_TOD,a_tod_lit,DEAD
158,2012040339,40339,2,2,0,6,12,LA PAZ,413,SALOME,20,6,6,Angle,1,4,Dawn,1,Clear,2,Nighttime,YES
159,2012040340,40340,1,1,0,2,5,COCONINO,0,NONE LISTED,20,6,0,Not a Collision with Motor Vehicle In-Transport,4,1,Daylight,1,Clear,2,Nighttime,NO
160,2012040342,40342,2,2,0,2,19,PIMA,0,NONE LISTED,22,6,2,Front-to-Front,1,1,Daylight,1,Clear,2,Nighttime,NO
161,2012040343,40343,2,2,0,3,11,GREENLEE,320,MORENCI,25,6,2,Front-to-Front,1,1,Daylight,1,Clear,1,Daytime,NO
162,2012040344,40344,1,1,0,1,11,GREENLEE,0,NONE LISTED,27,6,0,Not a Collision with Motor Vehicle In-Transport,1,2,Dark - Not Lighted,1,Clear,2,Nighttime,NO
163,2012040347,40347,1,1,1,2,5,COCONINO,170,FLAGSTAFF,2,5,0,Not a Collision with Motor Vehicle In-Transport,1,1,Daylight,1,Clear,1,Daytime,YES
164,2012040349,40349,1,1,1,2,13,MARICOPA,200,GLENDALE,13,6,0,Not a Collision with Motor Vehicle In-Transport,1,3,Dark - Lighted,1,Clear,2,Nighttime,YES
165,2012040351,40351,1,1,0,2,19,PIMA,530,TUCSON,27,2,0,Not a Collision with Motor Vehicle In-Transport,1,1,Daylight,1,Clear,1,Daytime,YES
166,2012040352,40352,1,1,1,1,19,PIMA,0,NONE LISTED,26,6,0,Not a Collision with Motor Vehicle In-Transport,1,1,Daylight,1,Clear,2,Nighttime,YES
167,2012040355,40355,1,1,0,3,19,PIMA,0,NONE LISTED,8,6,0,Not a Collision with Motor Vehicle In-Transport,6,1,Daylight,1,Clear,1,Daytime,NO
168,2012040357,40357,1,1,0,1,21,PINAL,0,NONE LISTED,10,6,0,Not a Collision with Motor Vehicle In-Transport,4,2,Dark - Not Lighted,1,Clear,2,Nighttime,NO
169,2012040358,40358,1,1,0,1,5,COCONINO,0,NONE LISTED,10,6,0,Not a Collision with Motor Vehicle In-Transport,1,1,Daylight,1,Clear,1,Daytime,NO
170,2012040360,40360,1,1,0,1,7,GILA,0,NONE LISTED,2,7,0,Not a Collision with Motor Vehicle In-Transport,6,9,Unknown,99,Unknown,2,Nighttime,YES
171,2012040361,40361,1,1,1,1,27,YUMA,620,YUMA,2,7,0,Not a Collision with Motor Vehicle In-Transport,1,1,Daylight,1,Clear,2,Nighttime,NO
172,2012040362,40362,1,1,1,1,27,YUMA,620,YUMA,3,7,0,Not a Collision with Motor Vehicle In-Transport,1,2,Dark - Not Lighted,1,Clear,2,Nighttime,NO
173,2012040363,40363,1,1,0,2,13,MARICOPA,190,GILBERT,4,7,0,Not a Collision with Motor Vehicle In-Transport,3,3,Dark - Lighted,1,Clear,2,Nighttime,NO
174,2012040366,40366,2,2,0,6,19,PIMA,530,TUCSON,5,7,6,Angle,1,3,Dark - Lighted,10,Cloudy,2,Nighttime,NO
175,2012040367,40367,1,1,1,4,19,PIMA,530,TUCSON,5,7,0,Not a Collision with Motor Vehicle In-Transport,1,3,Dark - Lighted,1,Clear,2,Nighttime,YES
176,2012040370,40370,1,1,0,1,19,PIMA,530,TUCSON,16,7,0,Not a Collision with Motor Vehicle In-Transport,3,1,Daylight,10,Cloudy,1,Daytime,YES
177,2012040373,40373,1,1,0,3,1,APACHE,0,NONE LISTED,21,7,0,Not a Collision with Motor Vehicle In-Transport,4,1,Daylight,10,Cloudy,1,Daytime,YES
178,2012040376,40376,2,2,0,3,13,MARICOPA,490,TEMPE,22,7,6,Angle,1,1,Daylight,1,Clear,1,Daytime,NO
179,2012040377,40377,1,1,0,2,11,GREENLEE,0,NONE LISTED,22,7,0,Not a Collision with Motor Vehicle In-Transport,6,1,Daylight,10,Cloudy,1,Daytime,NO
180,2012040379,40379,3,3,0,4,19,PIMA,0,NONE LISTED,24,7,6,Angle,1,3,Dark - Lighted,1,Clear,2,Nighttime,NO
181,2012040385,40385,2,1,0,1,27,YUMA,0,NONE LISTED,30,7,0,Not a Collision with Motor Vehicle In-Transport,7,2,Dark - Not Lighted,1,Clear,2,Nighttime,NO
182,2012040389,40389,1,1,0,2,21,PINAL,160,ELOY,3,6,0,Not a Collision with Motor Vehicle In-Transport,4,2,Dark - Not Lighted,1,Clear,2,Nighttime,NO
183,2012040390,40390,1,1,1,4,17,NAVAJO,0,NONE LISTED,3,6,0,Not a Collision with Motor Vehicle In-Transport,1,6,Dark - Unknown Lighting,1,Clear,2,Nighttime,NO
184,2012040392,40392,2,2,0,3,17,NAVAJO,0,NONE LISTED,5,6,99,Unknown,1,9,Unknown,99,Unknown,3,Unknown,NO
185,2012040394,40394,1,1,1,1,5,COCONINO,0,NONE LISTED,16,6,0,Not a Collision with Motor Vehicle In-Transport,99,9,Unknown,99,Unknown,3,Unknown,NO
186,2012040396,40396,1,1,0,2,13,MARICOPA,370,PHOENIX,16,6,0,Not a Collision with Motor Vehicle In-Transport,4,6,Dark - Unknown Lighting,99,Unknown,2,Nighttime,NO
187,2012040397,40397,3,3,0,6,13,MARICOPA,370,PHOENIX,16,6,1,Front-to-Rear,11,1,Daylight,1,Clear,1,Daytime,NO
188,2012040398,40398,2,2,0,9,21,PINAL,0,NONE LISTED,17,6,99,Unknown,1,1,Daylight,1,Clear,1,Daytime,NO
189,2012040399,40399,1,1,0,1,1,APACHE,0,NONE LISTED,17,6,0,Not a Collision with Motor Vehicle In-Transport,99,6,Dark - Unknown Lighting,99,Unknown,2,Nighttime,YES
190,2012040401,40401,1,1,0,1,13,MARICOPA,370,PHOENIX,24,6,0,Not a Collision with Motor Vehicle In-Transport,1,1,Daylight,1,Clear,1,Daytime,YES
191,2012040402,40402,1,1,0,1,1,APACHE,0,NONE LISTED,25,6,0,Not a Collision with Motor Vehicle In-Transport,98,8,Not Reported,98,Not Reported,2,Nighttime,YES
192,2012040403,40403,2,2,0,2,13,MARICOPA,370,PHOENIX,25,6,6,Angle,1,1,Daylight,1,Clear,1,Daytime,NO
193,2012040406,40406,1,1,0,1,17,NAVAJO,0,NONE LISTED,28,6,0,Not a Collision with Motor Vehicle In-Transport,1,1,Daylight,1,Clear,2,Nighttime,YES
194,2012040408,40408,4,4,0,5,13,MARICOPA,370,PHOENIX,5,6,9,Rear-to-Side,1,3,Dark - Lighted,1,Clear,2,Nighttime,NO
195,2012040410,40410,1,1,0,1,13,MARICOPA,0,NONE LISTED,12,7,0,Not a Collision with Motor Vehicle In-Transport,4,2,Dark - Not Lighted,1,Clear,2,Nighttime,NO
196,2012040411,40411,2,2,0,5,13,MARICOPA,370,PHOENIX,5,7,6,Angle,1,1,Daylight,1,Clear,2,Nighttime,YES
197,2012040415,40415,1,1,0,1,7,GILA,0,NONE LISTED,29,7,0,Not a Collision with Motor Vehicle In-Transport,4,2,Dark - Not Lighted,10,Cloudy,2,Nighttime,YES
198,2012040417,40417,2,2,0,2,13,MARICOPA,486,SURPRISE,3,7,1,Front-to-Rear,1,3,Dark - Lighted,1,Clear,2,Nighttime,NO
199,2012040418,40418,1,1,0,2,5,COCONINO,0,NONE LISTED,13,7,0,Not a Collision with Motor Vehicle In-Transport,1,1,Daylight,10,Cloudy,1,Daytime,NO
200,2012040419,40419,1,1,0,1,1,APACHE,0,NONE LISTED,29,6,0,Not a Collision with Motor Vehicle In-Transport,6,9,Unknown,99,Unknown,3,Unknown,NO
201,2012040421,40421,2,2,0,3,27,YUMA,0,NONE LISTED,2,7,6,Angle,1,2,Dark - Not Lighted,1,Clear,2,Nighttime,YES
202,2012040422,40422,1,1,0,8,7,GILA,0,NONE LISTED,15,7,0,Not a Collision with Motor Vehicle In-Transport,6,2,Dark - Not Lighted,1,Clear,2,Nighttime,YES
203,2012040423,40423,2,2,0,3,13,MARICOPA,370,PHOENIX,15,7,6,Angle,1,3,Dark - Lighted,1,Clear,2,Nighttime,NO
204,2012040424,40424,1,1,0,1,13,MARICOPA,370,PHOENIX,26,7,0,Not a Collision with Motor Vehicle In-Transport,4,3,Dark - Lighted,1,Clear,2,Nighttime,NO
205,2012040428,40428,1,1,0,1,5,COCONINO,0,NONE LISTED,6,8,0,Not a Collision with Motor Vehicle In-Transport,4,1,Daylight,1,Clear,1,Daytime,YES
206,2012040430,40430,1,1,0,1,7,GILA,0,NONE LISTED,8,8,0,Not a Collision with Motor Vehicle In-Transport,6,9,Unknown,99,Unknown,1,Daytime,NO
207,2012040438,40438,3,3,0,7,5,COCONINO,0,NONE LISTED,17,8,8,Sideswipe - Opposite Direction,1,1,Daylight,10,Cloudy,1,Daytime,YES
208,2012040439,40439,1,1,0,3,5,COCONINO,336,PAGE,18,8,0,Not a Collision with Motor Vehicle In-Transport,1,2,Dark - Not Lighted,1,Clear,2,Nighttime,NO
209,2012040441,40441,2,2,0,3,13,MARICOPA,290,MESA,19,8,6,Angle,1,3,Dark - Lighted,1,Clear,2,Nighttime,NO
210,2012040442,40442,2,2,0,3,13,MARICOPA,190,GILBERT,21,8,2,Front-to-Front,1,1,Daylight,1,Clear,1,Daytime,YES
211,2012040444,40444,2,2,0,3,25,YAVAPAI,0,NONE LISTED,26,8,0,Not a Collision with Motor Vehicle In-Transport,1,1,Daylight,1,Clear,1,Daytime,NO
212,2012040446,40446,2,2,0,2,15,MOHAVE,260,KINGMAN,27,8,6,Angle,1,1,Daylight,1,Clear,1,Daytime,YES
213,2012040448,40448,1,1,0,1,27,YUMA,0,NONE LISTED,27,8,0,Not a Collision with Motor Vehicle In-Transport,6,5,Dusk,1,Clear,2,Nighttime,YES
214,2012040449,40449,2,2,0,3,21,PINAL,70,CASA GRANDE,30,8,6,Angle,1,1,Daylight,1,Clear,1,Daytime,YES
215,2012040450,40450,1,1,2,1,13,MARICOPA,290,MESA,30,8,0,Not a Collision with Motor Vehicle In-Transport,1,2,Dark - Not Lighted,99,Unknown,2,Nighttime,NO
216,2012040452,40452,1,1,0,2,19,PIMA,9999,UNKNOWN,2,7,99,Unknown,99,9,Unknown,99,Unknown,3,Unknown,NO
217,2012040453,40453,1,1,1,1,13,MARICOPA,370,PHOENIX,12,7,0,Not a Collision with Motor Vehicle In-Transport,1,1,Daylight,1,Clear,2,Nighttime,YES
218,2012040454,40454,1,1,0,1,13,MARICOPA,370,PHOENIX,14,7,0,Not a Collision with Motor Vehicle In-Transport,3,3,Dark - Lighted,1,Clear,2,Nighttime,NO
219,2012040455,40455,1,1,1,1,13,MARICOPA,158,EL MIRAGE,15,7,0,Not a Collision with Motor Vehicle In-Transport,1,6,Dark - Unknown Lighting,99,Unknown,2,Nighttime,NO
220,2012040456,40456,2,2,0,7,21,PINAL,0,NONE LISTED,21,7,2,Front-to-Front,1,2,Dark - Not Lighted,1,Clear,2,Nighttime,NO
221,2012040457,40457,1,1,0,1,17,NAVAJO,0,NONE LISTED,22,7,99,Unknown,99,6,Dark - Unknown Lighting,99,Unknown,2,Nighttime,YES
222,2012040461,40461,1,1,0,2,13,MARICOPA,0,NONE LISTED,29,7,0,Not a Collision with Motor Vehicle In-Transport,1,1,Daylight,10,Cloudy,1,Daytime,YES
223,2012040464,40464,4,4,0,8,21,PINAL,0,NONE LISTED,28,7,2,Front-to-Front,1,1,Daylight,10,Cloudy,1,Daytime,NO
224,2012040469,40469,1,1,0,6,5,COCONINO,0,NONE LISTED,31,8,0,Not a Collision with Motor Vehicle In-Transport,1,2,Dark - Not Lighted,1,Clear,2,Nighttime,YES
225,2012040470,40470,1,1,0,2,7,GILA,0,NONE LISTED,18,7,0,Not a Collision with Motor Vehicle In-Transport,6,1,Daylight,1,Clear,1,Daytime,NO
226,2012040474,40474,1,1,0,1,19,PIMA,0,NONE LISTED,12,8,0,Not a Collision with Motor Vehicle In-Transport,6,2,Dark - Not Lighted,1,Clear,2,Nighttime,YES
227,2012040475,40475,2,2,0,4,13,MARICOPA,486,SURPRISE,1,8,6,Angle,1,1,Daylight,1,Clear,2,Nighttime,YES
228,2012040477,40477,2,2,0,3,19,PIMA,530,TUCSON,3,8,6,Angle,1,4,Dawn,1,Clear,2,Nighttime,YES
229,2012040479,40479,1,1,0,2,13,MARICOPA,80,CHANDLER,4,8,0,Not a Collision with Motor Vehicle In-Transport,1,1,Daylight,1,Clear,1,Daytime,YES
230,2012040480,40480,1,1,0,4,7,GILA,0,NONE LISTED,4,8,0,Not a Collision with Motor Vehicle In-Transport,4,1,Daylight,1,Clear,1,Daytime,NO
231,2012040481,40481,1,1,0,1,1,APACHE,0,NONE LISTED,7,8,0,Not a Collision with Motor Vehicle In-Transport,4,1,Daylight,1,Clear,1,Daytime,NO
232,2012040485,40485,1,1,0,2,25,YAVAPAI,0,NONE LISTED,11,8,0,Not a Collision with Motor Vehicle In-Transport,1,6,Dark - Unknown Lighting,99,Unknown,2,Nighttime,YES
233,2012040486,40486,2,1,0,3,19,PIMA,530,TUCSON,12,8,0,Not a Collision with Motor Vehicle In-Transport,6,3,Dark - Lighted,1,Clear,2,Nighttime,NO
234,2012040487,40487,1,1,1,1,19,PIMA,530,TUCSON,13,8,0,Not a Collision with Motor Vehicle In-Transport,1,3,Dark - Lighted,1,Clear,2,Nighttime,YES
235,2012040488,40488,2,2,0,2,13,MARICOPA,370,PHOENIX,15,8,6,Angle,1,1,Daylight,1,Clear,1,Daytime,NO
236,2012040491,40491,1,1,0,1,13,MARICOPA,370,PHOENIX,21,8,0,Not a Collision with Motor Vehicle In-Transport,4,1,Daylight,1,Clear,1,Daytime,YES
237,2012040492,40492,1,1,0,1,19,PIMA,0,NONE LISTED,22,8,0,Not a Collision with Motor Vehicle In-Transport,6,5,Dusk,10,Cloudy,1,Daytime,NO
238,2012040497,40497,1,1,0,1,13,MARICOPA,370,PHOENIX,27,8,0,Not a Collision with Motor Vehicle In-Transport,4,3,Dark - Lighted,1,Clear,2,Nighttime,YES
239,2012040499,40499,2,2,0,2,21,PINAL,0,NONE LISTED,30,8,6,Angle,1,2,Dark - Not Lighted,1,Clear,2,Nighttime,YES
240,2012040502,40502,1,1,0,1,27,YUMA,0,NONE LISTED,23,8,0,Not a Collision with Motor Vehicle In-Transport,99,9,Unknown,99,Unknown,3,Unknown,NO
241,2012040506,40506,1,1,0,1,13,MARICOPA,200,GLENDALE,1,9,0,Not a Collision with Motor Vehicle In-Transport,4,1,Daylight,1,Clear,1,Daytime,NO
242,2012040507,40507,2,2,0,4,13,MARICOPA,368,PEORIA,6,9,6,Angle,1,1,Daylight,1,Clear,1,Daytime,NO
243,2012040509,40509,1,1,0,1,13,MARICOPA,290,MESA,9,9,0,Not a Collision with Motor Vehicle In-Transport,4,1,Daylight,10,Cloudy,1,Daytime,NO
244,2012040513,40513,2,2,0,4,25,YAVAPAI,0,NONE LISTED,15,9,0,Not a Collision with Motor Vehicle In-Transport,1,1,Daylight,1,Clear,1,Daytime,YES
245,2012040516,40516,1,1,0,1,25,YAVAPAI,0,NONE LISTED,22,9,0,Not a Collision with Motor Vehicle In-Transport,4,2,Dark - Not Lighted,1,Clear,2,Nighttime,YES
246,2012040517,40517,1,1,0,1,1,APACHE,0,NONE LISTED,22,9,0,Not a Collision with Motor Vehicle In-Transport,4,1,Daylight,1,Clear,1,Daytime,NO
247,2012040522,40522,1,1,0,2,21,PINAL,0,NONE LISTED,1,9,0,Not a Collision with Motor Vehicle In-Transport,4,2,Dark - Not Lighted,1,Clear,2,Nighttime,NO
248,2012040523,40523,1,1,0,1,5,COCONINO,0,NONE LISTED,2,9,0,Not a Collision with Motor Vehicle In-Transport,4,1,Daylight,10,Cloudy,1,Daytime,NO
249,2012040525,40525,5,5,0,19,1,APACHE,0,NONE LISTED,8,9,7,Sideswipe - Same Direction,1,2,Dark - Not Lighted,1,Clear,3,Unknown,NO
250,2012040526,40526,1,1,0,2,5,COCONINO,0,NONE LISTED,12,9,0,Not a Collision with Motor Vehicle In-Transport,6,1,Daylight,1,Clear,1,Daytime,YES
251,2012040527,40527,2,2,0,3,13,MARICOPA,80,CHANDLER,14,9,2,Front-to-Front,1,1,Daylight,1,Clear,2,Nighttime,YES
252,2012040529,40529,2,2,0,7,13,MARICOPA,370,PHOENIX,17,9,1,Front-to-Rear,1,1,Daylight,1,Clear,1,Daytime,NO
253,2012040530,40530,1,1,0,1,5,COCONINO,0,NONE LISTED,18,9,0,Not a Collision with Motor Vehicle In-Transport,4,5,Dusk,1,Clear,2,Nighttime,NO
254,2012040533,40533,1,1,0,1,5,COCONINO,0,NONE LISTED,22,9,0,Not a Collision with Motor Vehicle In-Transport,4,1,Daylight,10,Cloudy,1,Daytime,NO
255,2012040536,40536,2,1,0,1,13,MARICOPA,370,PHOENIX,24,9,0,Not a Collision with Motor Vehicle In-Transport,4,3,Dark - Lighted,1,Clear,1,Daytime,NO
256,2012040539,40539,2,2,0,2,19,PIMA,0,NONE LISTED,5,10,6,Angle,1,1,Daylight,1,Clear,1,Daytime,YES
257,2012040540,40540,1,1,0,5,19,PIMA,0,NONE LISTED,7,10,0,Not a Collision with Motor Vehicle In-Transport,4,2,Dark - Not Lighted,1,Clear,2,Nighttime,NO
258,2012040541,40541,1,1,0,1,11,GREENLEE,0,NONE LISTED,7,10,0,Not a Collision with Motor Vehicle In-Transport,4,1,Daylight,1,Clear,1,Daytime,YES
259,2012040543,40543,1,1,0,3,19,PIMA,0,NONE LISTED,12,10,0,Not a Collision with Motor Vehicle In-Transport,4,2,Dark - Not Lighted,1,Clear,2,Nighttime,NO
260,2012040547,40547,3,3,0,3,25,YAVAPAI,0,NONE LISTED,20,10,8,Sideswipe - Opposite Direction,1,1,Daylight,1,Clear,1,Daytime,NO
261,2012040549,40549,2,2,0,3,12,LA PAZ,0,NONE LISTED,4,10,2,Front-to-Front,1,1,Daylight,1,Clear,1,Daytime,YES
262,2012040550,40550,1,1,0,2,15,MOHAVE,0,NONE LISTED,5,10,0,Not a Collision with Motor Vehicle In-Transport,1,2,Dark - Not Lighted,1,Clear,2,Nighttime,NO
263,2012040559,40559,1,1,0,1,12,LA PAZ,0,NONE LISTED,23,10,0,Not a Collision with Motor Vehicle In-Transport,1,2,Dark - Not Lighted,1,Clear,2,Nighttime,YES
264,2012040560,40560,1,1,1,1,27,YUMA,620,YUMA,24,10,0,Not a Collision with Motor Vehicle In-Transport,1,3,Dark - Lighted,1,Clear,1,Daytime,NO
265,2012040562,40562,1,1,0,1,25,YAVAPAI,0,NONE LISTED,28,10,0,Not a Collision with Motor Vehicle In-Transport,4,1,Daylight,1,Clear,1,Daytime,YES
266,2012040563,40563,1,1,0,1,25,YAVAPAI,386,PRESCOTT,28,10,0,Not a Collision with Motor Vehicle In-Transport,4,1,Daylight,1,Clear,1,Daytime,NO
267,2012040566,40566,1,1,0,1,25,YAVAPAI,0,NONE LISTED,31,10,0,Not a Collision with Motor Vehicle In-Transport,3,1,Daylight,1,Clear,1,Daytime,YES
268,2012040568,40568,2,2,0,4,13,MARICOPA,370,PHOENIX,22,9,6,Angle,1,1,Daylight,1,Clear,1,Daytime,NO
269,2012040570,40570,2,2,0,6,13,MARICOPA,370,PHOENIX,13,10,1,Front-to-Rear,1,3,Dark - Lighted,1,Clear,2,Nighttime,NO
270,2012040571,40571,1,1,0,1,13,MARICOPA,370,PHOENIX,27,10,0,Not a Collision with Motor Vehicle In-Transport,3,2,Dark - Not Lighted,1,Clear,2,Nighttime,NO
271,2012040572,40572,1,1,0,1,21,PINAL,110,COOLIDGE,31,10,0,Not a Collision with Motor Vehicle In-Transport,6,1,Daylight,1,Clear,1,Daytime,NO
272,2012040575,40575,1,1,0,1,21,PINAL,426,SAN MANUEL,30,6,0,Not a Collision with Motor Vehicle In-Transport,5,1,Daylight,99,Unknown,1,Daytime,YES
273,2012040576,40576,1,1,0,1,13,MARICOPA,486,SURPRISE,11,7,0,Not a Collision with Motor Vehicle In-Transport,5,1,Daylight,1,Clear,1,Daytime,YES
274,2012040577,40577,2,2,0,5,13,MARICOPA,486,SURPRISE,24,8,2,Front-to-Front,1,1,Daylight,1,Clear,1,Daytime,NO
275,2012040578,40578,1,1,0,2,1,APACHE,0,NONE LISTED,30,6,0,Not a Collision with Motor Vehicle In-Transport,5,2,Dark - Not Lighted,1,Clear,1,Daytime,NO
276,2012040579,40579,2,2,0,4,13,MARICOPA,158,EL MIRAGE,4,9,6,Angle,1,1,Daylight,1,Clear,1,Daytime,YES
277,2012040580,40580,1,1,1,1,19,PIMA,530,TUCSON,18,9,0,Not a Collision with Motor Vehicle In-Transport,1,5,Dusk,1,Clear,2,Nighttime,NO
278,2012040581,40581,1,1,1,1,19,PIMA,530,TUCSON,27,9,0,Not a Collision with Motor Vehicle In-Transport,1,3,Dark - Lighted,1,Clear,2,Nighttime,NO
279,2012040582,40582,1,1,0,1,19,PIMA,530,TUCSON,11,10,0,Not a Collision with Motor Vehicle In-Transport,3,2,Dark - Not Lighted,1,Clear,2,Nighttime,YES
280,2012040583,40583,1,1,0,2,15,MOHAVE,0,NONE LISTED,19,10,0,Not a Collision with Motor Vehicle In-Transport,1,5,Dusk,1,Clear,2,Nighttime,YES
281,2012040584,40584,1,1,1,1,17,NAVAJO,240,HOLBROOK,22,10,0,Not a Collision with Motor Vehicle In-Transport,1,3,Dark - Lighted,1,Clear,2,Nighttime,NO
282,2012040585,40585,2,1,0,1,17,NAVAJO,489,TAYLOR,27,10,0,Not a Collision with Motor Vehicle In-Transport,7,2,Dark - Not Lighted,1,Clear,2,Nighttime,YES
283,2012040586,40586,1,1,0,3,5,COCONINO,0,NONE LISTED,1,9,0,Not a Collision with Motor Vehicle In-Transport,99,9,Unknown,99,Unknown,3,Unknown,YES
284,2012040587,40587,2,2,0,5,1,APACHE,0,NONE LISTED,4,9,99,Unknown,1,8,Not Reported,98,Not Reported,2,Nighttime,NO
285,2012040588,40588,1,1,0,1,21,PINAL,0,NONE LISTED,1,9,0,Not a Collision with Motor Vehicle In-Transport,1,2,Dark - Not Lighted,10,Cloudy,2,Nighttime,NO
286,2012040589,40589,1,1,1,1,1,APACHE,0,NONE LISTED,2,9,0,Not a Collision with Motor Vehicle In-Transport,99,9,Unknown,99,Unknown,3,Unknown,YES
287,2012040590,40590,1,1,0,3,21,PINAL,0,NONE LISTED,2,9,0,Not a Collision with Motor Vehicle In-Transport,4,6,Dark - Unknown Lighting,99,Unknown,2,Nighttime,YES
288,2012040592,40592,1,1,0,2,17,NAVAJO,0,NONE LISTED,3,9,0,Not a Collision with Motor Vehicle In-Transport,99,9,Unknown,99,Unknown,3,Unknown,YES
289,2012040593,40593,1,1,1,3,13,MARICOPA,227,GUADALUPE,5,9,0,Not a Collision with Motor Vehicle In-Transport,1,1,Daylight,1,Clear,2,Nighttime,YES
290,2012040594,40594,1,1,0,1,1,APACHE,0,NONE LISTED,5,9,0,Not a Collision with Motor Vehicle In-Transport,4,5,Dusk,1,Clear,2,Nighttime,YES
291,2012040595,40595,1,1,0,5,1,APACHE,0,NONE LISTED,8,9,0,Not a Collision with Motor Vehicle In-Transport,1,6,Dark - Unknown Lighting,98,Not Reported,2,Nighttime,YES
292,2012040596,40596,1,1,0,1,3,COCHISE,0,NONE LISTED,8,9,0,Not a Collision with Motor Vehicle In-Transport,4,1,Daylight,98,Not Reported,3,Unknown,YES
293,2012040597,40597,1,1,1,1,5,COCONINO,170,FLAGSTAFF,9,9,0,Not a Collision with Motor Vehicle In-Transport,1,3,Dark - Lighted,1,Clear,2,Nighttime,NO
294,2012040598,40598,2,2,0,2,21,PINAL,0,NONE LISTED,14,9,6,Angle,1,5,Dusk,1,Clear,2,Nighttime,NO
295,2012040599,40599,2,2,0,2,13,MARICOPA,0,NONE LISTED,18,9,6,Angle,1,1,Daylight,1,Clear,1,Daytime,NO
296,2012040600,40600,1,1,0,2,3,COCHISE,580,WILLCOX,19,9,0,Not a Collision with Motor Vehicle In-Transport,99,9,Unknown,99,Unknown,3,Unknown,YES
297,2012040601,40601,1,1,0,1,5,COCONINO,0,NONE LISTED,20,9,0,Not a Collision with Motor Vehicle In-Transport,4,1,Daylight,1,Clear,1,Daytime,NO
298,2012040603,40603,1,1,1,2,1,APACHE,0,NONE LISTED,22,9,0,Not a Collision with Motor Vehicle In-Transport,1,2,Dark - Not Lighted,1,Clear,2,Nighttime,YES
299,2012040604,40604,1,1,0,1,1,APACHE,0,NONE LISTED,23,9,0,Not a Collision with Motor Vehicle In-Transport,99,1,Daylight,99,Unknown,1,Daytime,NO
300,2012040605,40605,2,2,0,3,1,APACHE,0,NONE LISTED,27,9,99,Unknown,99,1,Daylight,99,Unknown,1,Daytime,NO
301,2012040606,40606,3,3,0,3,13,MARICOPA,0,NONE LISTED,8,5,1,Front-to-Rear,1,1,Daylight,1,Clear,1,Daytime,NO
302,2012040607,40607,1,1,0,2,17,NAVAJO,0,NONE LISTED,14,1,0,Not a Collision with Motor Vehicle In-Transport,4,1,Daylight,99,Unknown,1,Daytime,YES
303,2012040608,40608,1,1,0,2,13,MARICOPA,486,SURPRISE,26,5,0,Not a Collision with Motor Vehicle In-Transport,1,1,Daylight,1,Clear,1,Daytime,YES
304,2012040610,40610,1,1,0,1,3,COCHISE,0,NONE LISTED,12,10,0,Not a Collision with Motor Vehicle In-Transport,3,1,Daylight,1,Clear,1,Daytime,NO
305,2012040612,40612,1,1,0,1,13,MARICOPA,475,SUN CITY,19,10,0,Not a Collision with Motor Vehicle In-Transport,4,4,Dawn,1,Clear,1,Daytime,YES
306,2012040615,40615,2,2,0,4,13,MARICOPA,370,PHOENIX,2,10,6,Angle,1,1,Daylight,1,Clear,1,Daytime,NO
307,2012040617,40617,1,1,0,1,15,MOHAVE,0,NONE LISTED,10,10,0,Not a Collision with Motor Vehicle In-Transport,99,1,Daylight,99,Unknown,1,Daytime,YES
308,2012040618,40618,2,2,0,2,13,MARICOPA,370,PHOENIX,12,10,11,Other,1,1,Daylight,1,Clear,1,Daytime,NO
309,2012040619,40619,1,1,0,2,21,PINAL,0,NONE LISTED,12,10,99,Unknown,99,1,Daylight,99,Unknown,1,Daytime,NO
310,2012040620,40620,1,1,1,1,13,MARICOPA,370,PHOENIX,12,10,0,Not a Collision with Motor Vehicle In-Transport,1,2,Dark - Not Lighted,1,Clear,2,Nighttime,YES
311,2012040621,40621,1,1,0,1,13,MARICOPA,370,PHOENIX,13,10,0,Not a Collision with Motor Vehicle In-Transport,4,3,Dark - Lighted,1,Clear,2,Nighttime,NO
312,2012040622,40622,1,1,1,2,13,MARICOPA,368,PEORIA,14,10,0,Not a Collision with Motor Vehicle In-Transport,1,1,Daylight,1,Clear,1,Daytime,NO
313,2012040624,40624,1,1,0,1,13,MARICOPA,370,PHOENIX,16,10,0,Not a Collision with Motor Vehicle In-Transport,5,9,Unknown,99,Unknown,3,Unknown,NO