index,accident_id,ST_CASE,VE_TOTAL,VE_FORMS,PEDS,PERSONS,COUNTY,county_name,CITY,city_name,DAY,MONTH,MAN_COLL,man_coll_lit,REL_ROAD,LGT_COND,lgt_cond_lit,WEATHER,weather_lit,A_TOD,a_tod_lit,DEAD
630,2013040488,40488,1,1,1,2,13,MARICOPA,370,PHOENIX,23,7,0,Not a Collision with Motor Vehicle In-Transport,1,3,Dark - Lighted,1,Clear,2,Nighttime,YES
631,2013040489,40489,1,1,1,1,17,NAVAJO,0,NONE LISTED,27,7,0,Not a Collision with Motor Vehicle In-Transport,1,2,Dark - Not Lighted,1,Clear,2,Nighttime,NO
632,2013040492,40492,1,1,0,2,17,NAVAJO,0,NONE LISTED,29,7,0,Not a Collision with Motor Vehicle In-Transport,99,9,Unknown,99,Unknown,2,Nighttime,NO
633,2013040493,40493,1,1,0,3,17,NAVAJO,0,NONE LISTED,30,7,0,Not a Collision with Motor Vehicle In-Transport,99,6,Dark - Unknown Lighting,98,Not Reported,2,Nighttime,YES
634,2013040495,40495,1,1,0,2,13,MARICOPA,490,TEMPE,26,8,0,Not a Collision with Motor Vehicle In-Transport,4,3,Dark - Lighted,10,Cloudy,2,Nighttime,YES
635,2013040498,40498,2,2,0,3,15,MOHAVE,178,FORT MOHAVE,15,8,6,Angle,1,5,Dusk,1,Clear,2,Nighttime,NO
636,2013040500,40500,2,2,0,2,13,MARICOPA,0,NONE LISTED,1,8,6,Angle,1,1,Daylight,10,Cloudy,1,Daytime,NO
637,2013040501,40501,3,3,0,6,19,PIMA,530,TUCSON,31,8,6,Angle,1,1,Daylight,1,Clear,1,Daytime,YES
638,2013040502,40502,1,1,1,1,27,YUMA,620,YUMA,17,8,0,Not a Collision with Motor Vehicle In-Transport,1,3,Dark - Lighted,1,Clear,2,Nighttime,NO
639,2013040504,40504,1,1,0,1,15,MOHAVE,0,NONE LISTED,1,9,0,Not a Collision with Motor Vehicle In-Transport,4,2,Dark - Not Lighted,1,Clear,2,Nighttime,YES
640,2013040505,40505,2,2,0,4,13,MARICOPA,290,MESA,4,9,99,Unknown,1,1,Daylight,1,Clear,1,Daytime,YES
641,2013040507,40507,2,2,0,2,19,PIMA,0,NONE LISTED,7,9,99,Unknown,1,1,Daylight,1,Clear,1,Daytime,YES
642,2013040509,40509,1,1,0,1,13,MARICOPA,0,NONE LISTED,6,9,0,Not a Collision with Motor Vehicle In-Transport,4,2,Dark - Not Lighted,10,Cloudy,2,Nighttime,YES
643,2013040513,40513,1,1,0,1,27,YUMA,0,NONE LISTED,12,9,0,Not a Collision with Motor Vehicle In-Transport,4,2,Dark - Not Lighted,1,Clear,2,Nighttime,YES
644,2013040516,40516,2,2,1,2,15,MOHAVE,260,KINGMAN,13,9,0,Not a Collision with Motor Vehicle In-Transport,1,5,Dusk,1,Clear,2,Nighttime,NO
645,2013040519,40519,1,1,0,3,13,MARICOPA,0,NONE LISTED,13,9,0,Not a Collision with Motor Vehicle In-Transport,4,2,Dark - Not Lighted,1,Clear,2,Nighttime,YES
646,2013040524,40524,2,2,0,6,13,MARICOPA,486,SURPRISE,15,9,6,Angle,1,1,Daylight,1,Clear,1,Daytime,NO
647,2013040525,40525,3,3,0,5,19,PIMA,530,TUCSON,16,9,1,Front-to-Rear,1,1,Daylight,1,Clear,1,Daytime,NO
648,2013040527,40527,1,1,1,1,5,COCONINO,170,FLAGSTAFF,16,9,0,Not a Collision with Motor Vehicle In-Transport,1,3,Dark - Lighted,1,Clear,2,Nighttime,NO
649,2013040533,40533,1,1,0,1,19,PIMA,0,NONE LISTED,22,9,0,Not a Collision with Motor Vehicle In-Transport,4,2,Dark - Not Lighted,1,Clear,2,Nighttime,YES
650,2013040535,40535,1,1,0,2,13,MARICOPA,30,AVONDALE,27,9,0,Not a Collision with Motor Vehicle In-Transport,4,3,Dark - Lighted,1,Clear,2,Nighttime,NO
651,2013040537,40537,1,1,1,1,1,APACHE,0,NONE LISTED,27,7,0,Not a Collision with Motor Vehicle In-Transport,1,6,Dark - Unknown Lighting,98,Not Reported,2,Nighttime,NO
652,2013040539,40539,1,1,0,1,7,GILA,0,NONE LISTED,28,9,0,Not a Collision with Motor Vehicle In-Transport,4,2,Dark - Not Lighted,1,Clear,2,Nighttime,YES
653,2013040544,40544,3,3,0,5,15,MOHAVE,0,NONE LISTED,10,8,1,Front-to-Rear,1,1,Daylight,1,Clear,1,Daytime,YES
654,2013040548,40548,3,3,0,4,13,MARICOPA,370,PHOENIX,7,9,6,Angle,1,1,Daylight,10,Cloudy,1,Daytime,NO
655,2013040552,40552,2,2,0,5,1,APACHE,0,NONE LISTED,4,8,6,Angle,1,1,Daylight,1,Clear,1,Daytime,NO
656,2013040553,40553,1,1,0,1,13,MARICOPA,80,CHANDLER,4,8,0,Not a Collision with Motor Vehicle In-Transport,4,1,Daylight,1,Clear,1,Daytime,YES
657,2013040554,40554,1,1,0,1,5,COCONINO,0,NONE LISTED,5,8,0,Not a Collision with Motor Vehicle In-Transport,99,9,Unknown,99,Unknown,3,Unknown,NO
658,2013040555,40555,2,2,0,8,13,MARICOPA,370,PHOENIX,5,8,6,Angle,1,1,Daylight,1,Clear,1,Daytime,YES
659,2013040557,40557,1,1,1,1,5,COCONINO,0,NONE LISTED,9,8,0,Not a Collision with Motor Vehicle In-Transport,99,9,Unknown,99,Unknown,3,Unknown,YES
660,2013040558,40558,1,1,0,9,21,PINAL,0,NONE LISTED,10,8,0,Not a Collision with Motor Vehicle In-Transport,1,3,Dark - Lighted,10,Cloudy,2,Nighttime,YES
661,2013040559,40559,2,2,0,2,13,MARICOPA,200,GLENDALE,11,8,1,Front-to-Rear,1,1,Daylight,1,Clear,2,Nighttime,YES
662,2013040560,40560,1,1,0,1,5,COCONINO,0,NONE LISTED,13,8,0,Not a Collision with Motor Vehicle In-Transport,99,9,Unknown,99,Unknown,2,Nighttime,YES
663,2013040563,40563,2,2,0,2,13,MARICOPA,0,NONE LISTED,16,8,6,Angle,1,1,Daylight,1,Clear,1,Daytime,NO
664,2013040564,40564,1,1,1,1,13,MARICOPA,370,PHOENIX,16,8,0,Not a Collision with Motor Vehicle In-Transport,1,3,Dark - Lighted,1,Clear,2,Nighttime,NO
665,2013040565,40565,1,1,0,1,13,MARICOPA,370,PHOENIX,17,8,0,Not a Collision with Motor Vehicle In-Transport,3,3,Dark - Lighted,1,Clear,2,Nighttime,NO
666,2013040576,40576,1,1,0,1,27,YUMA,0,NONE LISTED,11,9,0,Not a Collision with Motor Vehicle In-Transport,4,1,Daylight,1,Clear,1,Daytime,NO
667,2013040578,40578,2,2,0,3,27,YUMA,620,YUMA,21,9,1,Front-to-Rear,1,1,Daylight,1,Clear,1,Daytime,NO
668,2013040582,40582,1,1,1,1,21,PINAL,22,APACHE JUNCTION,5,9,0,Not a Collision with Motor Vehicle In-Transport,1,2,Dark - Not Lighted,1,Clear,2,Nighttime,NO
669,2013040583,40583,1,1,0,1,19,PIMA,0,NONE LISTED,9,9,0,Not a Collision with Motor Vehicle In-Transport,4,1,Daylight,10,Cloudy,1,Daytime,NO
670,2013040584,40584,2,2,0,2,21,PINAL,0,NONE LISTED,4,9,0,Not a Collision with Motor Vehicle In-Transport,1,1,Daylight,1,Clear,1,Daytime,YES
671,2013040588,40588,1,1,0,1,25,YAVAPAI,0,NONE LISTED,5,10,0,Not a Collision with Motor Vehicle In-Transport,3,1,Daylight,1,Clear,2,Nighttime,NO
672,2013040591,40591,1,1,0,1,19,PIMA,0,NONE LISTED,8,10,0,Not a Collision with Motor Vehicle In-Transport,4,1,Daylight,1,Clear,1,Daytime,YES
673,2013040592,40592,1,1,1,1,13,MARICOPA,370,PHOENIX,8,10,0,Not a Collision with Motor Vehicle In-Transport,1,1,Daylight,1,Clear,1,Daytime,NO
674,2013040593,40593,2,2,0,2,13,MARICOPA,290,MESA,10,10,6,Angle,1,3,Dark - Lighted,1,Clear,2,Nighttime,YES
675,2013040598,40598,2,2,0,6,19,PIMA,0,NONE LISTED,19,10,6,Angle,1,1,Daylight,1,Clear,1,Daytime,NO
676,2013040599,40599,2,2,0,6,27,YUMA,0,NONE LISTED,19,10,6,Angle,1,3,Dark - Lighted,1,Clear,2,Nighttime,YES
677,2013040606,40606,1,1,0,1,3,COCHISE,0,NONE LISTED,27,10,0,Not a Collision with Motor Vehicle In-Transport,1,2,Dark - Not Lighted,1,Clear,2,Nighttime,YES
678,2013040608,40608,1,1,0,1,7,GILA,365,PAYSON,8,9,0,Not a Collision with Motor Vehicle In-Transport,4,1,Daylight,10,Cloudy,2,Nighttime,YES
679,2013040609,40609,1,1,0,1,19,PIMA,295,MARANA,2,9,0,Not a Collision with Motor Vehicle In-Transport,99,6,Dark - Unknown Lighting,99,Unknown,3,Unknown,NO
680,2013040611,40611,1,1,0,2,19,PIMA,295,MARANA,4,9,0,Not a Collision with Motor Vehicle In-Transport,3,1,Daylight,1,Clear,3,Unknown,YES
681,2013040616,40616,1,1,1,1,13,MARICOPA,370,PHOENIX,11,9,0,Not a Collision with Motor Vehicle In-Transport,1,1,Daylight,1,Clear,1,Daytime,NO
682,2013040619,40619,1,1,0,2,21,PINAL,0,NONE LISTED,20,9,0,Not a Collision with Motor Vehicle In-Transport,6,9,Unknown,99,Unknown,2,Nighttime,NO
683,2013040620,40620,1,1,0,1,21,PINAL,0,NONE LISTED,21,9,0,Not a Collision with Motor Vehicle In-Transport,1,1,Daylight,1,Clear,1,Daytime,NO
684,2013040622,40622,1,1,0,2,21,PINAL,0,NONE LISTED,23,9,0,Not a Collision with Motor Vehicle In-Transport,3,1,Daylight,1,Clear,1,Daytime,YES
685,2013040624,40624,1,1,1,2,25,YAVAPAI,120,COTTONWOOD,1,11,0,Not a Collision with Motor Vehicle In-Transport,1,2,Dark - Not Lighted,1,Clear,2,Nighttime,NO
686,2013040625,40625,1,1,1,1,13,MARICOPA,290,MESA,1,11,0,Not a Collision with Motor Vehicle In-Transport,1,3,Dark - Lighted,1,Clear,2,Nighttime,NO
687,2013040626,40626,1,1,0,1,3,COCHISE,0,NONE LISTED,1,11,0,Not a Collision with Motor Vehicle In-Transport,4,2,Dark - Not Lighted,1,Clear,2,Nighttime,NO
688,2013040627,40627,1,1,0,5,19,PIMA,0,NONE LISTED,2,11,0,Not a Collision with Motor Vehicle In-Transport,1,1,Daylight,1,Clear,1,Daytime,NO
689,2013040628,40628,2,2,0,3,25,YAVAPAI,65,CAMP VERDE,2,11,1,Front-to-Rear,1,2,Dark - Not Lighted,1,Clear,2,Nighttime,YES
690,2013040632,40632,1,1,0,1,21,PINAL,22,APACHE JUNCTION,13,11,0,Not a Collision with Motor Vehicle In-Transport,4,5,Dusk,1,Clear,1,Daytime,NO
691,2013040633,40633,1,1,0,1,15,MOHAVE,59,BULLHEAD CITY,14,11,0,Not a Collision with Motor Vehicle In-Transport,4,3,Dark - Lighted,1,Clear,2,Nighttime,YES
692,2013040635,40635,1,1,0,1,13,MARICOPA,190,GILBERT,15,11,0,Not a Collision with Motor Vehicle In-Transport,4,1,Daylight,1,Clear,1,Daytime,YES
693,2013040639,40639,2,2,1,2,13,MARICOPA,370,PHOENIX,22,11,0,Not a Collision with Motor Vehicle In-Transport,1,3,Dark - Lighted,2,Rain,1,Daytime,YES
694,2013040640,40640,1,1,1,1,19,PIMA,530,TUCSON,26,11,0,Not a Collision with Motor Vehicle In-Transport,1,3,Dark - Lighted,1,Clear,2,Nighttime,NO
695,2013040643,40643,1,1,1,2,19,PIMA,0,NONE LISTED,30,11,0,Not a Collision with Motor Vehicle In-Transport,1,3,Dark - Lighted,1,Clear,2,Nighttime,YES
696,2013040645,40645,2,2,0,3,25,YAVAPAI,0,NONE LISTED,30,10,2,Front-to-Front,1,2,Dark - Not Lighted,1,Clear,2,Nighttime,NO
697,2013040650,40650,2,2,0,3,17,NAVAJO,0,NONE LISTED,13,9,6,Angle,1,1,Daylight,10,Cloudy,1,Daytime,YES
698,2013040654,40654,2,2,0,2,12,LA PAZ,413,SALOME,7,10,6,Angle,1,4,Dawn,1,Clear,2,Nighttime,YES
699,2013040659,40659,2,2,0,5,25,YAVAPAI,0,NONE LISTED,23,10,2,Front-to-Front,1,1,Daylight,1,Clear,1,Daytime,NO
700,2013040662,40662,2,2,0,2,27,YUMA,0,NONE LISTED,30,10,6,Angle,1,2,Dark - Not Lighted,10,Cloudy,2,Nighttime,NO
701,2013040669,40669,1,1,1,2,13,MARICOPA,370,PHOENIX,3,10,0,Not a Collision with Motor Vehicle In-Transport,1,5,Dusk,1,Clear,1,Daytime,YES
702,2013040672,40672,2,2,0,6,13,MARICOPA,370,PHOENIX,5,10,6,Angle,1,3,Dark - Lighted,1,Clear,2,Nighttime,NO
703,2013040675,40675,1,1,1,1,7,GILA,0,NONE LISTED,9,10,0,Not a Collision with Motor Vehicle In-Transport,1,6,Dark - Unknown Lighting,98,Not Reported,2,Nighttime,NO
704,2013040676,40676,1,1,0,1,3,COCHISE,431,SIERRA VISTA,11,10,0,Not a Collision with Motor Vehicle In-Transport,1,2,Dark - Not Lighted,1,Clear,2,Nighttime,NO
705,2013040681,40681,4,4,0,5,21,PINAL,70,CASA GRANDE,11,10,7,Sideswipe - Same Direction,1,3,Dark - Lighted,1,Clear,2,Nighttime,NO
706,2013040682,40682,1,1,0,1,13,MARICOPA,190,GILBERT,12,10,0,Not a Collision with Motor Vehicle In-Transport,4,1,Daylight,1,Clear,1,Daytime,YES
707,2013040684,40684,1,1,0,2,17,NAVAJO,0,NONE LISTED,12,10,0,Not a Collision with Motor Vehicle In-Transport,99,9,Unknown,99,Unknown,3,Unknown,YES
708,2013040686,40686,2,2,0,2,17,NAVAJO,0,NONE LISTED,13,10,99,Unknown,99,1,Daylight,99,Unknown,1,Daytime,NO
709,2013040687,40687,1,1,0,2,1,APACHE,0,NONE LISTED,13,10,0,Not a Collision with Motor Vehicle In-Transport,99,6,Dark - Unknown Lighting,99,Unknown,2,Nighttime,YES
710,2013040691,40691,1,1,1,1,11,GREENLEE,0,NONE LISTED,27,10,0,Not a Collision with Motor Vehicle In-Transport,1,9,Unknown,99,Unknown,3,Unknown,NO
711,2013040692,40692,1,1,0,3,21,PINAL,0,NONE LISTED,28,10,0,Not a Collision with Motor Vehicle In-Transport,1,2,Dark - Not Lighted,1,Clear,1,Daytime,NO
712,2013040693,40693,2,2,0,2,13,MARICOPA,370,PHOENIX,29,10,6,Angle,1,3,Dark - Lighted,1,Clear,2,Nighttime,YES
713,2013040697,40697,1,1,1,2,13,MARICOPA,0,NONE LISTED,6,11,0,Not a Collision with Motor Vehicle In-Transport,5,1,Daylight,1,Clear,1,Daytime,YES
714,2013040698,40698,1,1,0,8,13,MARICOPA,420,SCOTTSDALE,16,11,0,Not a Collision with Motor Vehicle In-Transport,1,3,Dark - Lighted,1,Clear,2,Nighttime,NO
715,2013040699,40699,3,3,0,6,21,PINAL,70,CASA GRANDE,27,11,6,Angle,1,1,Daylight,10,Cloudy,1,Daytime,NO
716,2013040700,40700,2,2,0,2,13,MARICOPA,0,NONE LISTED,2,12,2,Front-to-Front,1,1,Daylight,1,Clear,1,Daytime,NO
717,2013040701,40701,1,1,2,1,13,MARICOPA,190,GILBERT,3,12,0,Not a Collision with Motor Vehicle In-Transport,1,1,Daylight,1,Clear,1,Daytime,NO
718,2013040703,40703,1,1,1,1,13,MARICOPA,368,PEORIA,4,12,0,Not a Collision with Motor Vehicle In-Transport,1,5,Dusk,1,Clear,1,Daytime,YES
719,2013040705,40705,1,1,1,4,13,MARICOPA,370,PHOENIX,7,12,0,Not a Collision with Motor Vehicle In-Transport,1,3,Dark - Lighted,10,Cloudy,2,Nighttime,YES
720,2013040706,40706,1,1,0,1,19,PIMA,0,NONE LISTED,8,12,0,Not a Collision with Motor Vehicle In-Transport,4,2,Dark - Not Lighted,1,Clear,2,Nighttime,YES
721,2013040707,40707,2,2,0,2,13,MARICOPA,30,AVONDALE,9,12,99,Unknown,1,3,Dark - Lighted,10,Cloudy,1,Daytime,YES
722,2013040711,40711,1,1,1,1,19,PIMA,530,TUCSON,11,12,0,Not a Collision with Motor Vehicle In-Transport,2,2,Dark - Not Lighted,1,Clear,2,Nighttime,YES
723,2013040716,40716,2,2,0,2,21,PINAL,180,FLORENCE,17,12,2,Front-to-Front,1,2,Dark - Not Lighted,1,Clear,2,Nighttime,YES
724,2013040718,40718,1,1,1,5,13,MARICOPA,220,GOODYEAR,20,12,0,Not a Collision with Motor Vehicle In-Transport,1,2,Dark - Not Lighted,1,Clear,2,Nighttime,NO
725,2013040722,40722,2,2,0,4,15,MOHAVE,0,NONE LISTED,24,12,2,Front-to-Front,1,1,Daylight,1,Clear,1,Daytime,YES
726,2013040723,40723,1,1,0,2,7,GILA,0,NONE LISTED,24,12,0,Not a Collision with Motor Vehicle In-Transport,4,2,Dark - Not Lighted,1,Clear,2,Nighttime,YES
727,2013040724,40724,1,1,0,1,13,MARICOPA,368,PEORIA,28,12,0,Not a Collision with Motor Vehicle In-Transport,4,3,Dark - Lighted,1,Clear,2,Nighttime,YES
728,2013040726,40726,2,2,0,4,21,PINAL,0,NONE LISTED,29,9,6,Angle,1,1,Daylight,1,Clear,1,Daytime,NO
729,2013040727,40727,1,1,1,2,13,MARICOPA,80,CHANDLER,1,11,0,Not a Collision with Motor Vehicle In-Transport,1,3,Dark - Lighted,1,Clear,2,Nighttime,YES
730,2013040733,40733,2,2,0,2,21,PINAL,22,APACHE JUNCTION,27,8,1,Front-to-Rear,1,4,Dawn,1,Clear,1,Daytime,YES
731,2013040741,40741,3,3,0,8,5,COCONINO,0,NONE LISTED,26,11,6,Angle,1,1,Daylight,1,Clear,1,Daytime,YES
732,2013040744,40744,2,2,0,3,11,GREENLEE,100,CLIFTON,1,11,2,Front-to-Front,1,2,Dark - Not Lighted,1,Clear,2,Nighttime,YES
733,2013040745,40745,1,1,0,2,23,SANTA CRUZ,0,NONE LISTED,1,11,0,Not a Collision with Motor Vehicle In-Transport,99,9,Unknown,99,Unknown,3,Unknown,YES
734,2013040746,40746,1,1,1,1,13,MARICOPA,0,NONE LISTED,4,11,0,Not a Collision with Motor Vehicle In-Transport,1,1,Daylight,1,Clear,1,Daytime,NO
735,2013040747,40747,1,1,1,2,13,MARICOPA,0,NONE LISTED,7,11,0,Not a Collision with Motor Vehicle In-Transport,1,1,Daylight,1,Clear,1,Daytime,NO
736,2013040753,40753,1,1,0,1,21,PINAL,0,NONE LISTED,18,11,0,Not a Collision with Motor Vehicle In-Transport,4,1,Daylight,99,Unknown,1,Daytime,YES
737,2013040754,40754,2,2,1,2,13,MARICOPA,200,GLENDALE,18,11,0,Not a Collision with Motor Vehicle In-Transport,1,3,Dark - Lighted,1,Clear,2,Nighttime,NO
738,2013040755,40755,1,1,0,5,13,MARICOPA,0,NONE LISTED,19,11,0,Not a Collision with Motor Vehicle In-Transport,4,1,Daylight,10,Cloudy,1,Daytime,NO
739,2013040756,40756,3,3,0,3,13,MARICOPA,370,PHOENIX,23,11,2,Front-to-Front,1,3,Dark - Lighted,2,Rain,2,Nighttime,NO
740,2013040764,40764,2,2,0,3,13,MARICOPA,0,NONE LISTED,12,12,2,Front-to-Front,1,2,Dark - Not Lighted,1,Clear,2,Nighttime,YES
741,2013040766,40766,1,1,0,1,27,YUMA,620,YUMA,23,2,0,Not a Collision with Motor Vehicle In-Transport,4,3,Dark - Lighted,1,Clear,2,Nighttime,YES
742,2013040769,40769,1,1,0,1,13,MARICOPA,370,PHOENIX,15,11,0,Not a Collision with Motor Vehicle In-Transport,4,3,Dark - Lighted,1,Clear,2,Nighttime,NO
743,2013040770,40770,1,1,1,2,13,MARICOPA,370,PHOENIX,14,12,0,Not a Collision with Motor Vehicle In-Transport,1,3,Dark - Lighted,1,Clear,2,Nighttime,YES
744,2013040771,40771,3,3,1,8,17,NAVAJO,262,PINETOP-LAKESIDE,4,12,0,Not a Collision with Motor Vehicle In-Transport,1,2,Dark - Not Lighted,2,Rain,2,Nighttime,YES
745,2013040772,40772,1,1,1,1,21,PINAL,0,NONE LISTED,24,12,0,Not a Collision with Motor Vehicle In-Transport,99,4,Dawn,1,Clear,1,Daytime,NO
746,2013040779,40779,1,1,1,1,1,APACHE,0,NONE LISTED,15,4,0,Not a Collision with Motor Vehicle In-Transport,99,9,Unknown,99,Unknown,3,Unknown,NO
747,2013040780,40780,1,1,0,1,21,PINAL,0,NONE LISTED,3,12,0,Not a Collision with Motor Vehicle In-Transport,4,5,Dusk,1,Clear,1,Daytime,YES
748,2013040781,40781,1,1,0,1,25,YAVAPAI,386,PRESCOTT,4,12,0,Not a Collision with Motor Vehicle In-Transport,4,1,Daylight,2,Rain,3,Unknown,NO
749,2013040783,40783,1,1,0,2,13,MARICOPA,290,MESA,9,12,99,Unknown,99,6,Dark - Unknown Lighting,99,Unknown,2,Nighttime,NO
750,2013040784,40784,1,1,0,2,999,999,9999,UNKNOWN,13,12,0,Not a Collision with Motor Vehicle In-Transport,99,9,Unknown,99,Unknown,3,Unknown,YES
751,2013040785,40785,1,1,0,1,13,MARICOPA,290,MESA,13,12,99,Unknown,99,9,Unknown,99,Unknown,3,Unknown,YES
752,2013040786,40786,2,2,0,5,13,MARICOPA,370,PHOENIX,13,12,1,Front-to-Rear,1,3,Dark - Lighted,1,Clear,2,Nighttime,YES
753,2013040787,40787,2,2,0,2,17,NAVAJO,0,NONE LISTED,14,12,99,Unknown,99,1,Daylight,99,Unknown,1,Daytime,YES
754,2013040789,40789,1,1,0,1,13,MARICOPA,370,PHOENIX,16,12,0,Not a Collision with Motor Vehicle In-Transport,4,3,Dark - Lighted,10,Cloudy,2,Nighttime,YES
755,2013040791,40791,1,1,0,1,13,MARICOPA,0,NONE LISTED,16,12,0,Not a Collision with Motor Vehicle In-Transport,3,1,Daylight,1,Clear,1,Daytime,NO
756,2013040792,40792,1,1,0,1,13,MARICOPA,370,PHOENIX,18,12,0,Not a Collision with Motor Vehicle In-Transport,4,9,Unknown,99,Unknown,2,Nighttime,YES
757,2013040793,40793,1,1,1,1,21,PINAL,297,MARICOPA WELLS,20,12,0,Not a Collision with Motor Vehicle In-Transport,99,9,Unknown,99,Unknown,3,Unknown,YES
758,2013040796,40796,1,1,1,1,17,NAVAJO,0,NONE LISTED,31,12,0,Not a Collision with Motor Vehicle In-Transport,99,9,Unknown,99,Unknown,3,Unknown,YES
759,2013040799,40799,1,1,1,1,7,GILA,0,NONE LISTED,23,8,0,Not a Collision with Motor Vehicle In-Transport,1,9,Unknown,99,Unknown,3,Unknown,NO
760,2013040803,40803,1,1,0,2,1,APACHE,0,NONE LISTED,29,10,0,Not a Collision with Motor Vehicle In-Transport,4,4,Dawn,10,Cloudy,1,Daytime,NO
761,2013040805,40805,1,1,1,1,1,APACHE,0,NONE LISTED,2,2,0,Not a Collision with Motor Vehicle In-Transport,99,6,Dark - Unknown Lighting,99,Unknown,2,Nighttime,YES
762,2013040809,40809,1,1,0,2,1,APACHE,0,NONE LISTED,17,10,0,Not a Collision with Motor Vehicle In-Transport,99,6,Dark - Unknown Lighting,99,Unknown,2,Nighttime,NO
763,2013040810,40810,1,1,0,1,5,COCONINO,0,NONE LISTED,12,10,0,Not a Collision with Motor Vehicle In-Transport,1,6,Dark - Unknown Lighting,98,Not Reported,2,Nighttime,YES
764,2013040811,40811,1,1,0,4,1,APACHE,0,NONE LISTED,3,6,0,Not a Collision with Motor Vehicle In-Transport,4,1,Daylight,1,Clear,1,Daytime,NO
765,2013040812,40812,1,1,0,1,1,APACHE,0,NONE LISTED,18,10,0,Not a Collision with Motor Vehicle In-Transport,4,2,Dark - Not Lighted,1,Clear,2,Nighttime,YES
766,2014040001,40001,2,2,0,5,19,PIMA,530,TUCSON,4,1,6,Angle,1,3,Dark - Lighted,1,Clear,2,Nighttime,YES
767,2014040003,40003,1,1,1,5,13,MARICOPA,370,PHOENIX,8,1,0,Not a Collision with Motor Vehicle In-Transport,1,3,Dark - Lighted,1,Clear,2,Nighttime,YES
768,2014040005,40005,1,1,0,1,5,COCONINO,336,PAGE,11,1,0,Not a Collision with Motor Vehicle In-Transport,1,1,Daylight,1,Clear,1,Daytime,NO
769,2014040006,40006,2,2,0,2,19,PIMA,0,NONE LISTED,11,1,1,Front-to-Rear,1,2,Dark - Not Lighted,1,Clear,2,Nighttime,NO
770,2014040012,40012,1,1,0,1,5,COCONINO,0,NONE LISTED,20,1,0,Not a Collision with Motor Vehicle In-Transport,1,1,Daylight,1,Clear,1,Daytime,NO
771,2014040013,40013,1,1,0,1,5,COCONINO,0,NONE LISTED,22,1,0,Not a Collision with Motor Vehicle In-Transport,4,1,Daylight,1,Clear,1,Daytime,YES
772,2014040015,40015,1,1,0,1,25,YAVAPAI,65,CAMP VERDE,23,1,0,Not a Collision with Motor Vehicle In-Transport,4,1,Daylight,1,Clear,1,Daytime,YES
773,2014040019,40019,1,1,1,2,13,MARICOPA,370,PHOENIX,1,1,0,Not a Collision with Motor Vehicle In-Transport,1,3,Dark - Lighted,1,Clear,2,Nighttime,NO
774,2014040020,40020,1,1,0,2,21,PINAL,0,NONE LISTED,19,1,0,Not a Collision with Motor Vehicle In-Transport,4,1,Daylight,1,Clear,1,Daytime,YES
775,2014040021,40021,1,1,1,1,13,MARICOPA,370,PHOENIX,25,1,0,Not a Collision with Motor Vehicle In-Transport,4,3,Dark - Lighted,1,Clear,2,Nighttime,NO
776,2014040026,40026,1,1,0,5,17,NAVAJO,565,WHITERIVER,2,2,0,Not a Collision with Motor Vehicle In-Transport,4,2,Dark - Not Lighted,1,Clear,2,Nighttime,YES
777,2014040027,40027,1,1,1,1,27,YUMA,620,YUMA,3,2,0,Not a Collision with Motor Vehicle In-Transport,4,1,Daylight,1,Clear,1,Daytime,NO
778,2014040029,40029,1,1,1,1,19,PIMA,530,TUCSON,8,2,0,Not a Collision with Motor Vehicle In-Transport,1,2,Dark - Not Lighted,1,Clear,2,Nighttime,NO
779,2014040032,40032,1,1,0,1,27,YUMA,620,YUMA,8,2,0,Not a Collision with Motor Vehicle In-Transport,4,3,Dark - Lighted,1,Clear,2,Nighttime,NO
780,2014040033,40033,1,1,1,5,7,GILA,0,NONE LISTED,9,2,0,Not a Collision with Motor Vehicle In-Transport,1,1,Daylight,1,Clear,1,Daytime,YES
781,2014040034,40034,2,2,0,2,13,MARICOPA,190,GILBERT,12,2,6,Angle,1,1,Daylight,1,Clear,1,Daytime,YES
782,2014040035,40035,2,2,0,2,19,PIMA,0,NONE LISTED,13,2,6,Angle,1,1,Daylight,1,Clear,1,Daytime,NO
783,2014040036,40036,1,1,1,1,27,YUMA,620,YUMA,15,2,0,Not a Collision with Motor Vehicle In-Transport,1,3,Dark - Lighted,1,Clear,2,Nighttime,YES
784,2014040037,40037,1,1,0,1,13,MARICOPA,0,NONE LISTED,16,2,0,Not a Collision with Motor Vehicle In-Transport,4,1,Daylight,10,Cloudy,1,Daytime,YES