index,accident_id,ST_CASE,VE_TOTAL,VE_FORMS,PEDS,PERSONS,COUNTY,county_name,CITY,city_name,DAY,MONTH,MAN_COLL,man_coll_lit,REL_ROAD,LGT_COND,lgt_cond_lit,WEATHER,weather_lit,A_TOD,a_tod_lit,DEAD
940,2014040370,40370,2,2,0,7,5,COCONINO,0,NONE LISTED,13,6,1,Front-to-Rear,1,2,Dark - Not Lighted,1,Clear,2,Nighttime,NO
941,2014040373,40373,3,3,0,7,9,GRAHAM,0,NONE LISTED,19,6,8,Sideswipe - Opposite Direction,1,2,Dark - Not Lighted,1,Clear,2,Nighttime,YES
942,2014040374,40374,2,2,0,3,12,LA PAZ,0,NONE LISTED,20,6,6,Angle,1,1,Daylight,1,Clear,2,Nighttime,YES
943,2014040375,40375,1,1,0,2,15,MOHAVE,260,KINGMAN,23,6,0,Not a Collision with Motor Vehicle In-Transport,4,6,Dark - Unknown Lighting,99,Unknown,2,Nighttime,NO
944,2014040376,40376,1,1,0,1,13,MARICOPA,0,NONE LISTED,28,6,0,Not a Collision with Motor Vehicle In-Transport,4,4,Dawn,1,Clear,2,Nighttime,YES
945,2014040379,40379,2,2,0,2,21,PINAL,70,CASA GRANDE,1,7,6,Angle,1,1,Daylight,1,Clear,1,Daytime,YES
946,2014040382,40382,2,2,0,2,13,MARICOPA,0,NONE LISTED,27,7,6,Angle,1,1,Daylight,1,Clear,1,Daytime,YES
947,2014040383,40383,1,1,0,2,7,GILA,0,NONE LISTED,26,7,0,Not a Collision with Motor Vehicle In-Transport,4,1,Daylight,10,Cloudy,1,Daytime,YES
948,2014040385,40385,1,1,0,2,7,GILA,0,NONE LISTED,1,8,0,Not a Collision with Motor Vehicle In-Transport,4,1,Daylight,10,Cloudy,1,Daytime,YES
949,2014040386,40386,2,2,0,2,13,MARICOPA,80,CHANDLER,1,8,6,Angle,1,3,Dark - Lighted,10,Cloudy,2,Nighttime,YES
950,2014040388,40388,2,2,0,2,13,MARICOPA,0,NONE LISTED,2,8,1,Front-to-Rear,1,1,Daylight,10,Cloudy,1,Daytime,YES
951,2014040389,40389,1,1,0,1,13,MARICOPA,370,PHOENIX,3,8,0,Not a Collision with Motor Vehicle In-Transport,1,3,Dark - Lighted,1,Clear,1,Daytime,YES
952,2014040390,40390,1,1,0,1,19,PIMA,530,TUCSON,3,8,0,Not a Collision with Motor Vehicle In-Transport,3,1,Daylight,1,Clear,1,Daytime,NO
953,2014040393,40393,1,1,1,1,13,MARICOPA,370,PHOENIX,8,8,0,Not a Collision with Motor Vehicle In-Transport,1,2,Dark - Not Lighted,1,Clear,2,Nighttime,YES
954,2014040399,40399,1,1,0,1,17,NAVAJO,0,NONE LISTED,15,8,0,Not a Collision with Motor Vehicle In-Transport,4,5,Dusk,1,Clear,2,Nighttime,NO
955,2014040401,40401,1,1,0,1,15,MOHAVE,0,NONE LISTED,17,8,0,Not a Collision with Motor Vehicle In-Transport,4,1,Daylight,1,Clear,1,Daytime,NO
956,2014040406,40406,1,1,0,1,27,YUMA,0,NONE LISTED,23,8,0,Not a Collision with Motor Vehicle In-Transport,4,2,Dark - Not Lighted,1,Clear,2,Nighttime,YES
957,2014040410,40410,1,1,0,1,25,YAVAPAI,0,NONE LISTED,25,8,0,Not a Collision with Motor Vehicle In-Transport,4,1,Daylight,10,Cloudy,1,Daytime,NO
958,2014040413,40413,2,2,0,5,1,APACHE,222,GREER,28,8,6,Angle,1,1,Daylight,1,Clear,1,Daytime,NO
959,2014040414,40414,1,1,0,1,5,COCONINO,0,NONE LISTED,29,8,0,Not a Collision with Motor Vehicle In-Transport,4,1,Daylight,1,Clear,1,Daytime,YES
960,2014040416,40416,1,1,0,1,15,MOHAVE,260,KINGMAN,31,8,0,Not a Collision with Motor Vehicle In-Transport,4,4,Dawn,1,Clear,1,Daytime,YES
961,2014040417,40417,1,1,1,1,13,MARICOPA,370,PHOENIX,4,7,0,Not a Collision with Motor Vehicle In-Transport,1,3,Dark - Lighted,1,Clear,2,Nighttime,YES
962,2014040420,40420,2,2,0,2,13,MARICOPA,370,PHOENIX,19,7,7,Sideswipe - Same Direction,1,1,Daylight,1,Clear,1,Daytime,YES
963,2014040421,40421,1,1,0,1,5,COCONINO,0,NONE LISTED,2,7,0,Not a Collision with Motor Vehicle In-Transport,99,6,Dark - Unknown Lighting,99,Unknown,2,Nighttime,NO
964,2014040422,40422,1,1,0,3,13,MARICOPA,0,NONE LISTED,7,7,0,Not a Collision with Motor Vehicle In-Transport,99,6,Dark - Unknown Lighting,99,Unknown,2,Nighttime,NO
965,2014040423,40423,1,1,1,1,15,MOHAVE,260,KINGMAN,7,7,0,Not a Collision with Motor Vehicle In-Transport,1,1,Daylight,99,Unknown,1,Daytime,NO
966,2014040424,40424,1,1,1,1,13,MARICOPA,370,PHOENIX,7,7,0,Not a Collision with Motor Vehicle In-Transport,1,3,Dark - Lighted,1,Clear,2,Nighttime,YES
967,2014040426,40426,1,1,1,1,13,MARICOPA,370,PHOENIX,9,7,0,Not a Collision with Motor Vehicle In-Transport,1,3,Dark - Lighted,1,Clear,2,Nighttime,YES
968,2014040427,40427,2,2,0,3,13,MARICOPA,0,NONE LISTED,17,7,6,Angle,1,3,Dark - Lighted,1,Clear,2,Nighttime,NO
969,2014040428,40428,1,1,1,1,13,MARICOPA,370,PHOENIX,18,7,0,Not a Collision with Motor Vehicle In-Transport,1,3,Dark - Lighted,1,Clear,2,Nighttime,NO
970,2014040429,40429,1,1,0,4,7,GILA,300,MIAMI,19,7,0,Not a Collision with Motor Vehicle In-Transport,4,2,Dark - Not Lighted,10,Cloudy,2,Nighttime,NO
971,2014040430,40430,1,1,1,3,13,MARICOPA,370,PHOENIX,25,7,0,Not a Collision with Motor Vehicle In-Transport,1,6,Dark - Unknown Lighting,99,Unknown,2,Nighttime,NO
972,2014040433,40433,2,2,0,2,15,MOHAVE,0,NONE LISTED,26,8,6,Angle,1,1,Daylight,1,Clear,1,Daytime,NO
973,2014040434,40434,1,1,0,4,13,MARICOPA,420,SCOTTSDALE,2,8,0,Not a Collision with Motor Vehicle In-Transport,4,5,Dusk,2,Rain,1,Daytime,NO
974,2014040437,40437,1,1,1,1,19,PIMA,0,NONE LISTED,14,8,0,Not a Collision with Motor Vehicle In-Transport,1,2,Dark - Not Lighted,1,Clear,2,Nighttime,NO
975,2014040442,40442,1,1,0,2,5,COCONINO,0,NONE LISTED,9,8,0,Not a Collision with Motor Vehicle In-Transport,4,1,Daylight,10,Cloudy,1,Daytime,YES
976,2014040443,40443,2,2,0,2,9,GRAHAM,0,NONE LISTED,12,8,2,Front-to-Front,1,2,Dark - Not Lighted,10,Cloudy,2,Nighttime,NO
977,2014040446,40446,2,2,0,8,5,COCONINO,0,NONE LISTED,30,8,2,Front-to-Front,1,2,Dark - Not Lighted,1,Clear,2,Nighttime,YES
978,2014040448,40448,1,1,0,1,25,YAVAPAI,0,NONE LISTED,4,9,0,Not a Collision with Motor Vehicle In-Transport,4,1,Daylight,99,Unknown,1,Daytime,NO
979,2014040453,40453,1,1,1,1,5,COCONINO,0,NONE LISTED,7,9,0,Not a Collision with Motor Vehicle In-Transport,1,1,Daylight,10,Cloudy,1,Daytime,NO
980,2014040455,40455,2,2,0,2,13,MARICOPA,475,SUN CITY,9,9,6,Angle,1,1,Daylight,10,Cloudy,1,Daytime,YES
981,2014040458,40458,1,1,0,6,21,PINAL,22,APACHE JUNCTION,14,9,0,Not a Collision with Motor Vehicle In-Transport,1,2,Dark - Not Lighted,98,Not Reported,2,Nighttime,NO
982,2014040469,40469,1,1,1,1,17,NAVAJO,0,NONE LISTED,24,5,0,Not a Collision with Motor Vehicle In-Transport,99,9,Unknown,99,Unknown,3,Unknown,NO
983,2014040470,40470,1,1,0,1,17,NAVAJO,0,NONE LISTED,6,6,0,Not a Collision with Motor Vehicle In-Transport,2,9,Unknown,99,Unknown,3,Unknown,YES
984,2014040473,40473,1,1,1,1,13,MARICOPA,370,PHOENIX,5,8,0,Not a Collision with Motor Vehicle In-Transport,1,3,Dark - Lighted,1,Clear,2,Nighttime,YES
985,2014040478,40478,1,1,1,2,13,MARICOPA,370,PHOENIX,27,8,0,Not a Collision with Motor Vehicle In-Transport,1,3,Dark - Lighted,1,Clear,2,Nighttime,NO
986,2014040480,40480,2,2,0,2,13,MARICOPA,290,MESA,16,9,2,Front-to-Front,1,1,Daylight,2,Rain,1,Daytime,YES
987,2014040481,40481,2,2,0,2,13,MARICOPA,370,PHOENIX,23,9,6,Angle,1,1,Daylight,1,Clear,1,Daytime,YES
988,2014040482,40482,2,2,0,2,13,MARICOPA,368,PEORIA,24,9,6,Angle,1,1,Daylight,1,Clear,1,Daytime,YES
989,2014040483,40483,2,2,0,2,17,NAVAJO,0,NONE LISTED,12,7,7,Sideswipe - Same Direction,1,1,Daylight,1,Clear,1,Daytime,NO
990,2014040484,40484,1,1,0,1,17,NAVAJO,429,SHOW LOW,21,9,0,Not a Collision with Motor Vehicle In-Transport,4,3,Dark - Lighted,10,Cloudy,2,Nighttime,YES
991,2014040485,40485,2,2,0,3,25,YAVAPAI,0,NONE LISTED,28,9,1,Front-to-Rear,1,1,Daylight,10,Cloudy,1,Daytime,NO
992,2014040488,40488,1,1,0,1,13,MARICOPA,368,PEORIA,4,10,0,Not a Collision with Motor Vehicle In-Transport,4,3,Dark - Lighted,1,Clear,2,Nighttime,NO
993,2014040491,40491,1,1,0,1,15,MOHAVE,0,NONE LISTED,7,10,0,Not a Collision with Motor Vehicle In-Transport,4,2,Dark - Not Lighted,1,Clear,2,Nighttime,YES
994,2014040493,40493,1,1,0,1,27,YUMA,620,YUMA,9,10,0,Not a Collision with Motor Vehicle In-Transport,4,1,Daylight,1,Clear,1,Daytime,NO
995,2014040494,40494,1,1,1,1,13,MARICOPA,290,MESA,10,10,0,Not a Collision with Motor Vehicle In-Transport,1,1,Daylight,1,Clear,1,Daytime,YES
996,2014040495,40495,1,1,0,1,13,MARICOPA,0,NONE LISTED,17,10,0,Not a Collision with Motor Vehicle In-Transport,4,1,Daylight,1,Clear,1,Daytime,YES
997,2014040497,40497,2,2,0,3,27,YUMA,620,YUMA,22,10,6,Angle,1,3,Dark - Lighted,1,Clear,2,Nighttime,NO
998,2014040502,40502,1,1,0,1,5,COCONINO,0,NONE LISTED,29,10,0,Not a Collision with Motor Vehicle In-Transport,4,1,Daylight,1,Clear,1,Daytime,NO
999,2014040503,40503,1,1,0,3,13,MARICOPA,0,NONE LISTED,24,8,0,Not a Collision with Motor Vehicle In-Transport,4,1,Daylight,1,Clear,1,Daytime,NO
1000,2014040505,40505,1,1,2,1,13,MARICOPA,200,GLENDALE,3,9,0,Not a Collision with Motor Vehicle In-Transport,1,5,Dusk,1,Clear,2,Nighttime,YES
1001,2014040506,40506,1,1,1,1,13,MARICOPA,370,PHOENIX,7,9,0,Not a Collision with Motor Vehicle In-Transport,1,2,Dark - Not Lighted,1,Clear,2,Nighttime,NO
1002,2014040507,40507,2,2,0,6,13,MARICOPA,370,PHOENIX,7,9,6,Angle,1,1,Daylight,1,Clear,1,Daytime,NO
1003,2014040508,40508,1,1,1,1,13,MARICOPA,370,PHOENIX,8,9,0,Not a Collision with Motor Vehicle In-Transport,1,3,Dark - Lighted,1,Clear,2,Nighttime,YES
1004,2014040509,40509,2,2,0,4,1,APACHE,0,NONE LISTED,10,9,2,Front-to-Front,1,1,Daylight,1,Clear,1,Daytime,YES
1005,2014040510,40510,3,3,0,15,13,MARICOPA,368,PEORIA,18,10,6,Angle,1,2,Dark - Not Lighted,1,Clear,2,Nighttime,YES
1006,2014040512,40512,1,1,0,1,19,PIMA,0,NONE LISTED,10,10,0,Not a Collision with Motor Vehicle In-Transport,4,1,Daylight,1,Clear,1,Daytime,NO
1007,2014040513,40513,3,3,0,5,19,PIMA,530,TUCSON,10,10,6,Angle,1,5,Dusk,1,Clear,1,Daytime,YES
1008,2014040514,40514,1,1,1,1,13,MARICOPA,370,PHOENIX,16,10,0,Not a Collision with Motor Vehicle In-Transport,1,3,Dark - Lighted,1,Clear,2,Nighttime,YES
1009,2014040515,40515,2,2,0,2,13,MARICOPA,190,GILBERT,20,10,6,Angle,1,1,Daylight,1,Clear,1,Daytime,NO
1010,2014040517,40517,1,1,1,2,15,MOHAVE,0,NONE LISTED,26,10,0,Not a Collision with Motor Vehicle In-Transport,1,2,Dark - Not Lighted,1,Clear,2,Nighttime,YES
1011,2014040520,40520,1,1,1,3,21,PINAL,0,NONE LISTED,21,9,0,Not a Collision with Motor Vehicle In-Transport,1,2,Dark - Not Lighted,1,Clear,2,Nighttime,YES
1012,2014040521,40521,1,1,1,2,13,MARICOPA,200,GLENDALE,22,9,0,Not a Collision with Motor Vehicle In-Transport,1,1,Daylight,1,Clear,1,Daytime,NO
1013,2014040522,40522,1,1,1,1,21,PINAL,0,NONE LISTED,23,9,0,Not a Collision with Motor Vehicle In-Transport,1,2,Dark - Not Lighted,1,Clear,2,Nighttime,YES
1014,2014040523,40523,2,2,0,2,13,MARICOPA,490,TEMPE,23,9,6,Angle,1,1,Daylight,10,Cloudy,1,Daytime,NO
1015,2014040525,40525,1,1,1,2,13,MARICOPA,370,PHOENIX,13,9,0,Not a Collision with Motor Vehicle In-Transport,1,3,Dark - Lighted,1,Clear,2,Nighttime,YES
1016,2014040529,40529,2,2,0,3,13,MARICOPA,370,PHOENIX,15,9,6,Angle,1,1,Daylight,1,Clear,1,Daytime,YES
1017,2014040531,40531,2,2,0,3,13,MARICOPA,370,PHOENIX,18,9,2,Front-to-Front,1,6,Dark - Unknown Lighting,99,Unknown,2,Nighttime,YES
1018,2014040532,40532,1,1,0,2,11,GREENLEE,0,NONE LISTED,19,9,0,Not a Collision with Motor Vehicle In-Transport,4,3,Dark - Lighted,1,Clear,2,Nighttime,YES
1019,2014040539,40539,1,1,0,3,17,NAVAJO,0,NONE LISTED,15,10,0,Not a Collision with Motor Vehicle In-Transport,4,2,Dark - Not Lighted,1,Clear,2,Nighttime,NO
1020,2014040541,40541,1,1,1,1,13,MARICOPA,490,TEMPE,31,10,0,Not a Collision with Motor Vehicle In-Transport,4,1,Daylight,1,Clear,1,Daytime,YES
1021,2014040542,40542,2,2,0,2,21,PINAL,297,MARICOPA WELLS,30,10,1,Front-to-Rear,1,2,Dark - Not Lighted,1,Clear,2,Nighttime,YES
1022,2014040543,40543,1,1,0,2,19,PIMA,530,TUCSON,1,11,0,Not a Collision with Motor Vehicle In-Transport,1,2,Dark - Not Lighted,1,Clear,2,Nighttime,NO
1023,2014040546,40546,1,1,1,1,15,MOHAVE,59,BULLHEAD CITY,3,11,0,Not a Collision with Motor Vehicle In-Transport,1,2,Dark - Not Lighted,1,Clear,2,Nighttime,YES
1024,2014040548,40548,2,2,0,2,13,MARICOPA,368,PEORIA,7,11,6,Angle,1,3,Dark - Lighted,1,Clear,1,Daytime,NO
1025,2014040550,40550,1,1,0,1,9,GRAHAM,410,SAFFORD,9,11,0,Not a Collision with Motor Vehicle In-Transport,4,2,Dark - Not Lighted,1,Clear,2,Nighttime,NO
1026,2014040553,40553,2,2,0,2,13,MARICOPA,370,PHOENIX,10,11,2,Front-to-Front,1,1,Daylight,1,Clear,1,Daytime,NO
1027,2014040566,40566,1,1,1,1,19,PIMA,530,TUCSON,27,11,0,Not a Collision with Motor Vehicle In-Transport,1,1,Daylight,1,Clear,1,Daytime,NO
1028,2014040571,40571,1,1,0,2,17,NAVAJO,0,NONE LISTED,30,11,0,Not a Collision with Motor Vehicle In-Transport,1,1,Daylight,10,Cloudy,1,Daytime,NO
1029,2014040572,40572,1,1,0,2,19,PIMA,530,TUCSON,30,11,0,Not a Collision with Motor Vehicle In-Transport,4,2,Dark - Not Lighted,1,Clear,2,Nighttime,YES
1030,2014040576,40576,1,1,1,2,17,NAVAJO,0,NONE LISTED,3,12,0,Not a Collision with Motor Vehicle In-Transport,1,2,Dark - Not Lighted,2,Rain,2,Nighttime,NO
1031,2014040578,40578,1,1,0,1,19,PIMA,530,TUCSON,5,12,0,Not a Collision with Motor Vehicle In-Transport,4,1,Daylight,1,Clear,1,Daytime,YES
1032,2014040579,40579,1,1,0,1,19,PIMA,530,TUCSON,7,12,0,Not a Collision with Motor Vehicle In-Transport,4,3,Dark - Lighted,1,Clear,2,Nighttime,NO
1033,2014040580,40580,1,1,1,1,13,MARICOPA,370,PHOENIX,9,12,0,Not a Collision with Motor Vehicle In-Transport,1,3,Dark - Lighted,1,Clear,1,Daytime,YES
1034,2014040581,40581,1,1,0,1,5,COCONINO,0,NONE LISTED,12,12,0,Not a Collision with Motor Vehicle In-Transport,4,2,Dark - Not Lighted,2,Rain,2,Nighttime,YES
1035,2014040582,40582,1,1,0,2,7,GILA,0,NONE LISTED,13,12,0,Not a Collision with Motor Vehicle In-Transport,4,1,Daylight,2,Rain,1,Daytime,NO
1036,2014040583,40583,1,1,0,1,19,PIMA,530,TUCSON,14,12,0,Not a Collision with Motor Vehicle In-Transport,4,2,Dark - Not Lighted,1,Clear,2,Nighttime,YES
1037,2014040584,40584,1,1,1,1,27,YUMA,620,YUMA,18,12,0,Not a Collision with Motor Vehicle In-Transport,1,2,Dark - Not Lighted,1,Clear,2,Nighttime,NO
1038,2014040586,40586,1,1,0,2,1,APACHE,0,NONE LISTED,11,8,0,Not a Collision with Motor Vehicle In-Transport,99,6,Dark - Unknown Lighting,99,Unknown,2,Nighttime,YES
1039,2014040587,40587,1,1,0,2,5,COCONINO,0,NONE LISTED,30,8,99,Unknown,99,1,Daylight,99,Unknown,1,Daytime,NO
1040,2014040588,40588,1,1,0,1,13,MARICOPA,0,NONE LISTED,8,9,0,Not a Collision with Motor Vehicle In-Transport,4,1,Daylight,10,Cloudy,1,Daytime,YES
1041,2014040589,40589,1,1,1,1,13,MARICOPA,0,NONE LISTED,16,9,0,Not a Collision with Motor Vehicle In-Transport,99,6,Dark - Unknown Lighting,99,Unknown,2,Nighttime,YES
1042,2014040590,40590,1,1,0,2,13,MARICOPA,74,CAVE CREEK,20,9,99,Unknown,99,1,Daylight,99,Unknown,1,Daytime,NO
1043,2014040591,40591,1,1,0,1,1,APACHE,0,NONE LISTED,27,9,0,Not a Collision with Motor Vehicle In-Transport,6,9,Unknown,99,Unknown,1,Daytime,NO
1044,2014040592,40592,1,1,0,1,13,MARICOPA,388,QUEEN CREEK,1,10,99,Unknown,99,9,Unknown,99,Unknown,1,Daytime,NO
1045,2014040593,40593,1,1,1,1,19,PIMA,295,MARANA,2,10,0,Not a Collision with Motor Vehicle In-Transport,99,9,Unknown,99,Unknown,3,Unknown,NO
1046,2014040594,40594,1,1,1,1,13,MARICOPA,370,PHOENIX,4,10,0,Not a Collision with Motor Vehicle In-Transport,1,6,Dark - Unknown Lighting,99,Unknown,2,Nighttime,YES
1047,2014040595,40595,1,1,0,7,13,MARICOPA,0,NONE LISTED,4,10,0,Not a Collision with Motor Vehicle In-Transport,99,9,Unknown,99,Unknown,1,Daytime,NO
1048,2014040597,40597,1,1,0,2,1,APACHE,0,NONE LISTED,4,10,99,Unknown,99,6,Dark - Unknown Lighting,99,Unknown,2,Nighttime,YES
1049,2014040603,40603,2,2,0,3,27,YUMA,0,NONE LISTED,20,11,6,Angle,1,2,Dark - Not Lighted,1,Clear,2,Nighttime,YES
1050,2014040605,40605,1,1,0,1,19,PIMA,530,TUCSON,3,12,0,Not a Collision with Motor Vehicle In-Transport,1,3,Dark - Lighted,10,Cloudy,2,Nighttime,NO
1051,2014040609,40609,1,1,0,1,21,PINAL,160,ELOY,23,12,0,Not a Collision with Motor Vehicle In-Transport,4,5,Dusk,1,Clear,1,Daytime,NO
1052,2014040610,40610,1,1,0,1,12,LA PAZ,0,NONE LISTED,28,10,0,Not a Collision with Motor Vehicle In-Transport,4,2,Dark - Not Lighted,1,Clear,2,Nighttime,NO
1053,2014040613,40613,1,1,0,2,17,NAVAJO,0,NONE LISTED,17,10,99,Unknown,99,1,Daylight,99,Unknown,3,Unknown,NO
1054,2014040617,40617,1,1,1,1,13,MARICOPA,370,PHOENIX,23,10,0,Not a Collision with Motor Vehicle In-Transport,1,9,Unknown,99,Unknown,2,Nighttime,NO
1055,2014040618,40618,2,2,0,2,13,MARICOPA,370,PHOENIX,24,10,6,Angle,1,3,Dark - Lighted,1,Clear,2,Nighttime,NO
1056,2014040621,40621,1,1,1,1,1,APACHE,0,NONE LISTED,26,10,0,Not a Collision with Motor Vehicle In-Transport,99,6,Dark - Unknown Lighting,99,Unknown,2,Nighttime,YES
1057,2014040625,40625,1,1,0,4,12,LA PAZ,0,NONE LISTED,26,11,0,Not a Collision with Motor Vehicle In-Transport,4,8,Not Reported,98,Not Reported,1,Daytime,YES
1058,2014040629,40629,1,1,0,1,19,PIMA,0,NONE LISTED,5,11,0,Not a Collision with Motor Vehicle In-Transport,1,2,Dark - Not Lighted,1,Clear,2,Nighttime,YES
1059,2014040630,40630,1,1,1,1,13,MARICOPA,370,PHOENIX,12,11,0,Not a Collision with Motor Vehicle In-Transport,1,1,Daylight,1,Clear,1,Daytime,NO
1060,2014040632,40632,1,1,0,1,21,PINAL,0,NONE LISTED,13,11,0,Not a Collision with Motor Vehicle In-Transport,4,1,Daylight,1,Clear,1,Daytime,NO
1061,2014040634,40634,1,1,0,1,7,GILA,0,NONE LISTED,11,8,0,Not a Collision with Motor Vehicle In-Transport,4,8,Not Reported,98,Not Reported,1,Daytime,YES
1062,2014040636,40636,2,2,1,5,13,MARICOPA,290,MESA,14,12,7,Sideswipe - Same Direction,1,1,Daylight,1,Clear,1,Daytime,YES
1063,2014040637,40637,1,1,0,1,19,PIMA,530,TUCSON,18,12,0,Not a Collision with Motor Vehicle In-Transport,4,1,Daylight,10,Cloudy,1,Daytime,NO
1064,2014040639,40639,1,1,0,3,21,PINAL,0,NONE LISTED,25,12,0,Not a Collision with Motor Vehicle In-Transport,4,2,Dark - Not Lighted,1,Clear,2,Nighttime,YES
1065,2014040642,40642,1,1,0,1,13,MARICOPA,200,GLENDALE,13,9,0,Not a Collision with Motor Vehicle In-Transport,99,9,Unknown,99,Unknown,2,Nighttime,YES
1066,2014040643,40643,1,1,0,3,1,APACHE,0,NONE LISTED,25,10,0,Not a Collision with Motor Vehicle In-Transport,99,6,Dark - Unknown Lighting,99,Unknown,2,Nighttime,NO
1067,2014040647,40647,2,2,0,2,13,MARICOPA,370,PHOENIX,4,11,0,Not a Collision with Motor Vehicle In-Transport,1,6,Dark - Unknown Lighting,99,Unknown,2,Nighttime,YES
1068,2014040649,40649,1,1,1,1,13,MARICOPA,370,PHOENIX,6,11,0,Not a Collision with Motor Vehicle In-Transport,1,1,Daylight,1,Clear,1,Daytime,YES
1069,2014040650,40650,1,1,1,1,19,PIMA,530,TUCSON,7,11,0,Not a Collision with Motor Vehicle In-Transport,1,9,Unknown,99,Unknown,3,Unknown,YES
1070,2014040657,40657,2,2,0,5,21,PINAL,0,NONE LISTED,21,11,6,Angle,1,2,Dark - Not Lighted,1,Clear,2,Nighttime,YES
1071,2014040659,40659,1,1,1,1,13,MARICOPA,370,PHOENIX,23,11,0,Not a Collision with Motor Vehicle In-Transport,1,3,Dark - Lighted,1,Clear,2,Nighttime,NO
1072,2014040662,40662,2,2,0,2,13,MARICOPA,370,PHOENIX,30,11,6,Angle,1,3,Dark - Lighted,1,Clear,2,Nighttime,YES
1073,2014040663,40663,1,1,0,1,13,MARICOPA,368,PEORIA,23,12,0,Not a Collision with Motor Vehicle In-Transport,4,1,Daylight,1,Clear,1,Daytime,YES
1074,2014040664,40664,3,3,0,4,13,MARICOPA,30,AVONDALE,4,12,1,Front-to-Rear,1,3,Dark - Lighted,10,Cloudy,2,Nighttime,NO
1075,2014040665,40665,1,1,0,1,19,PIMA,0,NONE LISTED,7,11,0,Not a Collision with Motor Vehicle In-Transport,1,1,Daylight,1,Clear,1,Daytime,NO
1076,2014040667,40667,2,2,1,3,13,MARICOPA,370,PHOENIX,21,12,0,Not a Collision with Motor Vehicle In-Transport,1,1,Daylight,1,Clear,1,Daytime,NO
1077,2014040670,40670,1,1,0,1,5,COCONINO,0,NONE LISTED,22,11,0,Not a Collision with Motor Vehicle In-Transport,99,1,Daylight,99,Unknown,1,Daytime,NO
1078,2014040671,40671,1,1,0,2,17,NAVAJO,0,NONE LISTED,28,11,0,Not a Collision with Motor Vehicle In-Transport,2,1,Daylight,99,Unknown,1,Daytime,NO
1079,2014040674,40674,1,1,1,1,13,MARICOPA,0,NONE LISTED,1,12,0,Not a Collision with Motor Vehicle In-Transport,1,2,Dark - Not Lighted,1,Clear,1,Daytime,YES
1080,2014040675,40675,1,1,1,1,13,MARICOPA,370,PHOENIX,3,12,0,Not a Collision with Motor Vehicle In-Transport,1,1,Daylight,1,Clear,1,Daytime,NO
1081,2014040677,40677,1,1,0,1,13,MARICOPA,200,GLENDALE,6,12,0,Not a Collision with Motor Vehicle In-Transport,4,3,Dark - Lighted,1,Clear,2,Nighttime,YES
1082,2014040678,40678,1,1,0,1,17,NAVAJO,489,TAYLOR,8,12,99,Unknown,99,9,Unknown,99,Unknown,3,Unknown,NO
1083,2014040680,40680,1,1,1,1,13,MARICOPA,370,PHOENIX,11,12,0,Not a Collision with Motor Vehicle In-Transport,1,3,Dark - Lighted,1,Clear,2,Nighttime,YES
1084,2014040681,40681,2,1,0,3,13,MARICOPA,370,PHOENIX,12,12,0,Not a Collision with Motor Vehicle In-Transport,7,6,Dark - Unknown Lighting,1,Clear,2,Nighttime,NO
1085,2014040682,40682,2,2,0,2,13,MARICOPA,370,PHOENIX,13,12,6,Angle,1,6,Dark - Unknown Lighting,99,Unknown,2,Nighttime,YES
1086,2014040683,40683,2,2,0,2,13,MARICOPA,370,PHOENIX,14,12,2,Front-to-Front,1,1,Daylight,1,Clear,1,Daytime,YES
1087,2014040686,40686,1,1,1,1,25,YAVAPAI,0,NONE LISTED,22,12,0,Not a Collision with Motor Vehicle In-Transport,99,6,Dark - Unknown Lighting,99,Unknown,1,Daytime,YES
1088,2014040687,40687,1,1,1,1,13,MARICOPA,370,PHOENIX,23,12,0,Not a Collision with Motor Vehicle In-Transport,4,1,Daylight,1,Clear,1,Daytime,NO
1089,2014040688,40688,1,1,1,1,13,MARICOPA,370,PHOENIX,23,12,0,Not a Collision with Motor Vehicle In-Transport,1,9,Unknown,99,Unknown,2,Nighttime,YES
1090,2014040689,40689,1,1,1,1,13,MARICOPA,370,PHOENIX,23,12,0,Not a Collision with Motor Vehicle In-Transport,1,3,Dark - Lighted,1,Clear,2,Nighttime,NO
1091,2014040690,40690,1,1,0,1,13,MARICOPA,370,PHOENIX,27,12,0,Not a Collision with Motor Vehicle In-Transport,4,3,Dark - Lighted,1,Clear,2,Nighttime,YES
1092,2014040691,40691,1,1,1,1,13,MARICOPA,200,GLENDALE,28,12,0,Not a Collision with Motor Vehicle In-Transport,1,3,Dark - Lighted,1,Clear,2,Nighttime,NO