index,accident_id,ST_CASE,VE_TOTAL,VE_FORMS,PEDS,PERSONS,COUNTY,county_name,CITY,city_name,DAY,MONTH,MAN_COLL,man_coll_lit,REL_ROAD,LGT_COND,lgt_cond_lit,WEATHER,weather_lit,A_TOD,a_tod_lit,DEAD
1093,2014040692,40692,2,2,0,2,13,MARICOPA,370,PHOENIX,29,12,0,Not a Collision with Motor Vehicle In-Transport,1,1,Daylight,1,Clear,1,Daytime,YES
1094,2014040700,40700,1,1,0,1,9,GRAHAM,0,NONE LISTED,3,10,0,Not a Collision with Motor Vehicle In-Transport,4,2,Dark - Not Lighted,1,Clear,2,Nighttime,NO
1095,2014040701,40701,1,1,0,1,5,COCONINO,0,NONE LISTED,10,10,0,Not a Collision with Motor Vehicle In-Transport,4,2,Dark - Not Lighted,1,Clear,2,Nighttime,YES
1096,2014040703,40703,1,1,1,1,9,GRAHAM,0,NONE LISTED,30,10,0,Not a Collision with Motor Vehicle In-Transport,1,1,Daylight,1,Clear,1,Daytime,NO
1097,2014040706,40706,1,1,0,3,15,MOHAVE,0,NONE LISTED,18,11,0,Not a Collision with Motor Vehicle In-Transport,4,2,Dark - Not Lighted,1,Clear,2,Nighttime,NO
1098,2014040707,40707,1,1,0,3,17,NAVAJO,0,NONE LISTED,28,11,0,Not a Collision with Motor Vehicle In-Transport,99,9,Unknown,99,Unknown,1,Daytime,NO
1099,2014040710,40710,1,1,0,1,17,NAVAJO,0,NONE LISTED,6,12,0,Not a Collision with Motor Vehicle In-Transport,1,1,Daylight,1,Clear,1,Daytime,NO
1100,2014040711,40711,3,3,1,8,3,COCHISE,0,NONE LISTED,8,12,0,Not a Collision with Motor Vehicle In-Transport,1,2,Dark - Not Lighted,1,Clear,2,Nighttime,YES
1101,2014040712,40712,1,1,0,1,9,GRAHAM,0,NONE LISTED,10,12,0,Not a Collision with Motor Vehicle In-Transport,4,1,Daylight,1,Clear,1,Daytime,YES
1102,2014040714,40714,1,1,0,6,5,COCONINO,0,NONE LISTED,12,12,0,Not a Collision with Motor Vehicle In-Transport,4,2,Dark - Not Lighted,10,Cloudy,2,Nighttime,NO
1103,2014040716,40716,1,1,0,3,5,COCONINO,0,NONE LISTED,28,12,0,Not a Collision with Motor Vehicle In-Transport,4,1,Daylight,1,Clear,1,Daytime,YES
1104,2014040717,40717,1,1,0,1,13,MARICOPA,0,NONE LISTED,7,12,99,Unknown,99,9,Unknown,99,Unknown,1,Daytime,NO
1105,2014040718,40718,1,1,0,1,13,MARICOPA,0,NONE LISTED,30,11,0,Not a Collision with Motor Vehicle In-Transport,99,2,Dark - Not Lighted,1,Clear,2,Nighttime,YES
1106,2014040721,40721,1,1,0,2,13,MARICOPA,9999,UNKNOWN,23,6,0,Not a Collision with Motor Vehicle In-Transport,99,9,Unknown,99,Unknown,3,Unknown,YES
1107,2014040722,40722,1,1,0,2,13,MARICOPA,60,BUCKEYE,10,12,99,Unknown,99,1,Daylight,99,Unknown,1,Daytime,YES
1108,2014040725,40725,1,1,0,1,21,PINAL,405,SACATON,22,3,0,Not a Collision with Motor Vehicle In-Transport,5,9,Unknown,99,Unknown,3,Unknown,NO
1109,2014040726,40726,1,1,1,2,17,NAVAJO,565,WHITERIVER,3,4,0,Not a Collision with Motor Vehicle In-Transport,1,1,Daylight,99,Unknown,1,Daytime,YES
1110,2014040727,40727,1,1,0,2,1,APACHE,0,NONE LISTED,30,5,0,Not a Collision with Motor Vehicle In-Transport,99,1,Daylight,99,Unknown,1,Daytime,NO
1111,2014040728,40728,1,1,0,2,1,APACHE,0,NONE LISTED,6,9,99,Unknown,99,6,Dark - Unknown Lighting,99,Unknown,2,Nighttime,YES
1112,2015040001,40001,1,1,1,1,19,PIMA,0,NONE LISTED,1,1,0,Not a Collision with Motor Vehicle In-Transport,1,2,Dark - Not Lighted,2,Rain,2,Nighttime,YES
1113,2015040006,40006,2,2,0,2,1,APACHE,0,NONE LISTED,6,1,2,Front-to-Front,1,1,Daylight,1,Clear,1,Daytime,YES
1114,2015040010,40010,1,1,0,2,21,PINAL,160,ELOY,11,1,0,Not a Collision with Motor Vehicle In-Transport,4,2,Dark - Not Lighted,1,Clear,1,Daytime,NO
1115,2015040011,40011,1,1,0,2,19,PIMA,530,TUCSON,11,1,0,Not a Collision with Motor Vehicle In-Transport,4,1,Daylight,10,Cloudy,1,Daytime,YES
1116,2015040014,40014,1,1,0,1,23,SANTA CRUZ,392,RIO RICO,14,1,0,Not a Collision with Motor Vehicle In-Transport,4,1,Daylight,1,Clear,1,Daytime,NO
1117,2015040018,40018,1,1,1,3,25,YAVAPAI,386,PRESCOTT,16,1,0,Not a Collision with Motor Vehicle In-Transport,1,1,Daylight,1,Clear,1,Daytime,YES
1118,2015040025,40025,1,1,1,1,13,MARICOPA,370,PHOENIX,26,1,0,Not a Collision with Motor Vehicle In-Transport,1,3,Dark - Lighted,1,Clear,2,Nighttime,YES
1119,2015040027,40027,2,2,0,2,17,NAVAJO,0,NONE LISTED,27,1,2,Front-to-Front,1,1,Daylight,1,Clear,1,Daytime,NO
1120,2015040028,40028,3,3,0,3,19,PIMA,530,TUCSON,28,1,6,Angle,1,1,Daylight,1,Clear,1,Daytime,YES
1121,2015040030,40030,2,2,0,8,21,PINAL,0,NONE LISTED,30,1,2,Front-to-Front,1,4,Dawn,2,Rain,1,Daytime,YES
1122,2015040037,40037,1,1,0,1,21,PINAL,405,SACATON,9,1,0,Not a Collision with Motor Vehicle In-Transport,4,2,Dark - Not Lighted,1,Clear,2,Nighttime,NO
1123,2015040038,40038,3,3,0,3,21,PINAL,110,COOLIDGE,9,1,1,Front-to-Rear,1,4,Dawn,10,Cloudy,1,Daytime,YES
1124,2015040041,40041,1,1,0,2,21,PINAL,297,MARICOPA WELLS,12,1,0,Not a Collision with Motor Vehicle In-Transport,4,1,Daylight,10,Cloudy,1,Daytime,NO
1125,2015040047,40047,2,2,0,4,27,YUMA,0,NONE LISTED,31,1,6,Angle,1,5,Dusk,10,Cloudy,2,Nighttime,NO
1126,2015040049,40049,2,2,0,6,19,PIMA,0,NONE LISTED,8,1,2,Front-to-Front,1,1,Daylight,10,Cloudy,1,Daytime,YES
1127,2015040050,40050,1,1,1,1,21,PINAL,405,SACATON,11,1,0,Not a Collision with Motor Vehicle In-Transport,1,2,Dark - Not Lighted,2,Rain,2,Nighttime,NO
1128,2015040051,40051,1,1,0,1,13,MARICOPA,80,CHANDLER,23,1,0,Not a Collision with Motor Vehicle In-Transport,4,3,Dark - Lighted,10,Cloudy,2,Nighttime,YES
1129,2015040056,40056,1,1,1,1,13,MARICOPA,370,PHOENIX,9,1,0,Not a Collision with Motor Vehicle In-Transport,1,3,Dark - Lighted,1,Clear,2,Nighttime,YES
1130,2015040057,40057,2,2,0,3,13,MARICOPA,370,PHOENIX,10,1,6,Angle,1,1,Daylight,2,Rain,1,Daytime,NO
1131,2015040059,40059,1,1,1,1,13,MARICOPA,80,CHANDLER,14,1,0,Not a Collision with Motor Vehicle In-Transport,1,3,Dark - Lighted,1,Clear,2,Nighttime,NO
1132,2015040060,40060,1,1,0,1,13,MARICOPA,370,PHOENIX,17,1,0,Not a Collision with Motor Vehicle In-Transport,4,3,Dark - Lighted,1,Clear,2,Nighttime,NO
1133,2015040061,40061,1,1,1,1,13,MARICOPA,200,GLENDALE,19,1,0,Not a Collision with Motor Vehicle In-Transport,1,3,Dark - Lighted,1,Clear,2,Nighttime,YES
1134,2015040063,40063,1,1,1,1,13,MARICOPA,0,NONE LISTED,23,1,0,Not a Collision with Motor Vehicle In-Transport,1,2,Dark - Not Lighted,1,Clear,2,Nighttime,NO
1135,2015040065,40065,1,1,1,1,15,MOHAVE,0,NONE LISTED,3,2,0,Not a Collision with Motor Vehicle In-Transport,1,2,Dark - Not Lighted,1,Clear,2,Nighttime,YES
1136,2015040068,40068,2,2,0,2,13,MARICOPA,0,NONE LISTED,5,2,0,Not a Collision with Motor Vehicle In-Transport,4,1,Daylight,1,Clear,1,Daytime,YES
1137,2015040069,40069,2,2,0,4,1,APACHE,0,NONE LISTED,5,2,2,Front-to-Front,1,2,Dark - Not Lighted,1,Clear,2,Nighttime,NO
1138,2015040070,40070,2,2,0,3,19,PIMA,0,NONE LISTED,6,2,6,Angle,1,1,Daylight,1,Clear,1,Daytime,YES
1139,2015040072,40072,2,2,0,2,15,MOHAVE,268,LAKE HAVASU CITY,7,2,1,Front-to-Rear,1,2,Dark - Not Lighted,1,Clear,2,Nighttime,NO
1140,2015040073,40073,1,1,0,6,5,COCONINO,336,PAGE,9,2,0,Not a Collision with Motor Vehicle In-Transport,1,1,Daylight,1,Clear,1,Daytime,YES
1141,2015040077,40077,1,1,1,1,19,PIMA,530,TUCSON,13,2,0,Not a Collision with Motor Vehicle In-Transport,1,1,Daylight,1,Clear,1,Daytime,NO
1142,2015040079,40079,1,1,0,1,19,PIMA,0,NONE LISTED,15,2,0,Not a Collision with Motor Vehicle In-Transport,4,2,Dark - Not Lighted,1,Clear,2,Nighttime,YES
1143,2015040081,40081,1,1,0,1,7,GILA,0,NONE LISTED,16,2,0,Not a Collision with Motor Vehicle In-Transport,4,1,Daylight,1,Clear,1,Daytime,YES
1144,2015040093,40093,3,3,0,3,21,PINAL,110,COOLIDGE,25,2,9,Rear-to-Side,1,1,Daylight,1,Clear,1,Daytime,NO
1145,2015040098,40098,1,1,0,1,19,PIMA,0,NONE LISTED,1,1,0,Not a Collision with Motor Vehicle In-Transport,4,1,Daylight,10,Cloudy,1,Daytime,NO
1146,2015040099,40099,1,1,0,1,13,MARICOPA,290,MESA,24,2,0,Not a Collision with Motor Vehicle In-Transport,3,1,Daylight,1,Clear,1,Daytime,YES
1147,2015040100,40100,1,1,1,1,21,PINAL,180,FLORENCE,19,2,0,Not a Collision with Motor Vehicle In-Transport,1,2,Dark - Not Lighted,1,Clear,2,Nighttime,NO
1148,2015040102,40102,1,1,1,1,5,COCONINO,0,NONE LISTED,3,2,0,Not a Collision with Motor Vehicle In-Transport,99,9,Unknown,99,Unknown,3,Unknown,NO
1149,2015040104,40104,1,1,1,1,13,MARICOPA,0,NONE LISTED,4,2,0,Not a Collision with Motor Vehicle In-Transport,1,1,Daylight,1,Clear,1,Daytime,NO
1150,2015040106,40106,1,1,1,1,13,MARICOPA,370,PHOENIX,6,2,0,Not a Collision with Motor Vehicle In-Transport,1,3,Dark - Lighted,1,Clear,2,Nighttime,NO
1151,2015040108,40108,1,1,1,2,13,MARICOPA,370,PHOENIX,7,2,0,Not a Collision with Motor Vehicle In-Transport,1,5,Dusk,1,Clear,2,Nighttime,YES
1152,2015040109,40109,2,2,0,4,13,MARICOPA,370,PHOENIX,7,2,2,Front-to-Front,1,6,Dark - Unknown Lighting,99,Unknown,2,Nighttime,NO
1153,2015040110,40110,1,1,0,4,13,MARICOPA,0,NONE LISTED,8,2,0,Not a Collision with Motor Vehicle In-Transport,4,3,Dark - Lighted,1,Clear,2,Nighttime,NO
1154,2015040111,40111,2,2,0,2,13,MARICOPA,370,PHOENIX,8,2,6,Angle,1,1,Daylight,1,Clear,1,Daytime,NO
1155,2015040114,40114,1,1,0,1,13,MARICOPA,0,NONE LISTED,12,2,0,Not a Collision with Motor Vehicle In-Transport,4,2,Dark - Not Lighted,1,Clear,1,Daytime,NO
1156,2015040116,40116,1,1,0,2,21,PINAL,0,NONE LISTED,14,2,99,Unknown,99,9,Unknown,99,Unknown,3,Unknown,YES
1157,2015040119,40119,1,1,0,1,9,GRAHAM,0,NONE LISTED,16,2,0,Not a Collision with Motor Vehicle In-Transport,4,5,Dusk,1,Clear,1,Daytime,YES
1158,2015040120,40120,1,1,2,1,13,MARICOPA,370,PHOENIX,20,2,0,Not a Collision with Motor Vehicle In-Transport,1,6,Dark - Unknown Lighting,99,Unknown,2,Nighttime,YES
1159,2015040121,40121,1,1,0,1,15,MOHAVE,0,NONE LISTED,20,2,0,Not a Collision with Motor Vehicle In-Transport,99,6,Dark - Unknown Lighting,99,Unknown,2,Nighttime,YES
1160,2015040122,40122,2,2,0,3,13,MARICOPA,0,NONE LISTED,20,2,6,Angle,1,1,Daylight,1,Clear,1,Daytime,YES
1161,2015040123,40123,1,1,0,4,21,PINAL,0,NONE LISTED,21,2,0,Not a Collision with Motor Vehicle In-Transport,4,9,Unknown,99,Unknown,2,Nighttime,YES
1162,2015040125,40125,2,2,0,2,13,MARICOPA,370,PHOENIX,23,2,0,Not a Collision with Motor Vehicle In-Transport,4,1,Daylight,10,Cloudy,1,Daytime,NO
1163,2015040128,40128,1,1,1,1,13,MARICOPA,370,PHOENIX,28,2,0,Not a Collision with Motor Vehicle In-Transport,1,3,Dark - Lighted,1,Clear,2,Nighttime,NO
1164,2015040132,40132,1,1,0,1,1,APACHE,0,NONE LISTED,3,3,0,Not a Collision with Motor Vehicle In-Transport,4,1,Daylight,1,Clear,1,Daytime,NO
1165,2015040133,40133,3,3,0,6,13,MARICOPA,420,SCOTTSDALE,3,3,6,Angle,1,1,Daylight,1,Clear,1,Daytime,NO
1166,2015040140,40140,1,1,0,2,1,APACHE,150,EAGAR,6,3,0,Not a Collision with Motor Vehicle In-Transport,4,2,Dark - Not Lighted,1,Clear,2,Nighttime,NO
1167,2015040141,40141,1,1,0,3,15,MOHAVE,0,NONE LISTED,7,3,0,Not a Collision with Motor Vehicle In-Transport,4,4,Dawn,1,Clear,1,Daytime,NO
1168,2015040143,40143,1,1,3,1,13,MARICOPA,370,PHOENIX,9,3,0,Not a Collision with Motor Vehicle In-Transport,4,3,Dark - Lighted,1,Clear,2,Nighttime,YES
1169,2015040144,40144,1,1,1,2,21,PINAL,0,NONE LISTED,11,3,0,Not a Collision with Motor Vehicle In-Transport,1,2,Dark - Not Lighted,1,Clear,2,Nighttime,NO
1170,2015040147,40147,1,1,1,1,21,PINAL,0,NONE LISTED,12,3,0,Not a Collision with Motor Vehicle In-Transport,1,2,Dark - Not Lighted,10,Cloudy,2,Nighttime,YES
1171,2015040150,40150,2,2,0,2,13,MARICOPA,0,NONE LISTED,13,3,6,Angle,1,2,Dark - Not Lighted,1,Clear,2,Nighttime,NO
1172,2015040152,40152,1,1,1,2,21,PINAL,70,CASA GRANDE,15,3,0,Not a Collision with Motor Vehicle In-Transport,1,1,Daylight,1,Clear,1,Daytime,NO
1173,2015040153,40153,2,1,0,1,13,MARICOPA,370,PHOENIX,15,3,0,Not a Collision with Motor Vehicle In-Transport,2,5,Dusk,1,Clear,1,Daytime,NO
1174,2015040160,40160,1,1,0,1,15,MOHAVE,59,BULLHEAD CITY,17,3,0,Not a Collision with Motor Vehicle In-Transport,4,1,Daylight,1,Clear,1,Daytime,NO
1175,2015040163,40163,2,2,0,2,13,MARICOPA,370,PHOENIX,18,3,6,Angle,1,1,Daylight,10,Cloudy,1,Daytime,YES
1176,2015040164,40164,2,2,0,2,19,PIMA,530,TUCSON,20,3,2,Front-to-Front,1,2,Dark - Not Lighted,1,Clear,2,Nighttime,NO
1177,2015040165,40165,2,2,0,4,19,PIMA,530,TUCSON,22,3,0,Not a Collision with Motor Vehicle In-Transport,1,1,Daylight,1,Clear,1,Daytime,NO
1178,2015040167,40167,1,1,0,1,19,PIMA,530,TUCSON,22,3,0,Not a Collision with Motor Vehicle In-Transport,4,2,Dark - Not Lighted,10,Cloudy,2,Nighttime,YES
1179,2015040171,40171,2,2,0,3,13,MARICOPA,490,TEMPE,26,3,6,Angle,1,3,Dark - Lighted,1,Clear,2,Nighttime,NO
1180,2015040173,40173,1,1,0,1,13,MARICOPA,370,PHOENIX,29,3,0,Not a Collision with Motor Vehicle In-Transport,4,6,Dark - Unknown Lighting,1,Clear,2,Nighttime,YES
1181,2015040174,40174,1,1,0,1,27,YUMA,0,NONE LISTED,29,3,0,Not a Collision with Motor Vehicle In-Transport,4,4,Dawn,1,Clear,1,Daytime,NO
1182,2015040176,40176,2,2,0,2,21,PINAL,22,APACHE JUNCTION,29,3,6,Angle,1,1,Daylight,1,Clear,2,Nighttime,NO
1183,2015040177,40177,1,1,0,1,19,PIMA,530,TUCSON,30,3,0,Not a Collision with Motor Vehicle In-Transport,4,1,Daylight,1,Clear,1,Daytime,NO
1184,2015040178,40178,6,1,0,1,21,PINAL,110,COOLIDGE,30,3,0,Not a Collision with Motor Vehicle In-Transport,4,1,Daylight,1,Clear,1,Daytime,YES
1185,2015040179,40179,1,1,0,2,13,MARICOPA,290,MESA,20,1,0,Not a Collision with Motor Vehicle In-Transport,1,1,Daylight,1,Clear,1,Daytime,YES
1186,2015040182,40182,1,1,0,1,7,GILA,0,NONE LISTED,21,3,0,Not a Collision with Motor Vehicle In-Transport,4,1,Daylight,1,Clear,1,Daytime,NO
1187,2015040185,40185,1,1,0,2,21,PINAL,0,NONE LISTED,1,3,0,Not a Collision with Motor Vehicle In-Transport,1,2,Dark - Not Lighted,10,Cloudy,2,Nighttime,NO
1188,2015040187,40187,2,2,0,3,13,MARICOPA,200,GLENDALE,9,3,6,Angle,1,1,Daylight,1,Clear,1,Daytime,YES
1189,2015040188,40188,2,2,0,2,13,MARICOPA,0,NONE LISTED,24,3,6,Angle,1,2,Dark - Not Lighted,1,Clear,2,Nighttime,YES
1190,2015040189,40189,1,1,0,2,25,YAVAPAI,386,PRESCOTT,26,3,0,Not a Collision with Motor Vehicle In-Transport,4,2,Dark - Not Lighted,1,Clear,2,Nighttime,NO
1191,2015040191,40191,1,1,0,6,1,APACHE,0,NONE LISTED,28,3,0,Not a Collision with Motor Vehicle In-Transport,4,6,Dark - Unknown Lighting,98,Not Reported,2,Nighttime,YES
1192,2015040197,40197,2,2,0,3,13,MARICOPA,370,PHOENIX,6,3,6,Angle,1,6,Dark - Unknown Lighting,99,Unknown,2,Nighttime,NO
1193,2015040198,40198,1,1,1,1,21,PINAL,0,NONE LISTED,11,3,0,Not a Collision with Motor Vehicle In-Transport,1,9,Unknown,99,Unknown,3,Unknown,YES
1194,2015040200,40200,2,2,0,2,1,APACHE,0,NONE LISTED,14,3,2,Front-to-Front,1,2,Dark - Not Lighted,1,Clear,2,Nighttime,YES
1195,2015040202,40202,1,1,0,3,13,MARICOPA,370,PHOENIX,15,3,0,Not a Collision with Motor Vehicle In-Transport,4,3,Dark - Lighted,1,Clear,2,Nighttime,NO
1196,2015040203,40203,2,2,0,4,13,MARICOPA,0,NONE LISTED,15,3,6,Angle,1,2,Dark - Not Lighted,1,Clear,2,Nighttime,NO
1197,2015040204,40204,1,1,1,1,13,MARICOPA,370,PHOENIX,16,3,0,Not a Collision with Motor Vehicle In-Transport,1,1,Daylight,1,Clear,1,Daytime,NO
1198,2015040205,40205,2,2,0,2,13,MARICOPA,200,GLENDALE,19,3,6,Angle,1,3,Dark - Lighted,2,Rain,2,Nighttime,NO
1199,2015040207,40207,2,2,0,2,13,MARICOPA,0,NONE LISTED,22,3,1,Front-to-Rear,1,2,Dark - Not Lighted,98,Not Reported,2,Nighttime,YES
1200,2015040208,40208,1,1,1,1,13,MARICOPA,370,PHOENIX,31,3,0,Not a Collision with Motor Vehicle In-Transport,1,1,Daylight,1,Clear,1,Daytime,YES
1201,2015040209,40209,1,1,0,1,12,LA PAZ,387,QUARTZSITE,14,3,0,Not a Collision with Motor Vehicle In-Transport,4,1,Daylight,1,Clear,1,Daytime,YES
1202,2015040211,40211,2,2,0,2,19,PIMA,0,NONE LISTED,1,4,2,Front-to-Front,1,1,Daylight,1,Clear,1,Daytime,YES
1203,2015040212,40212,2,2,1,2,13,MARICOPA,370,PHOENIX,1,4,0,Not a Collision with Motor Vehicle In-Transport,1,3,Dark - Lighted,1,Clear,2,Nighttime,NO
1204,2015040219,40219,2,2,0,3,13,MARICOPA,190,GILBERT,5,4,1,Front-to-Rear,1,1,Daylight,1,Clear,1,Daytime,YES
1205,2015040220,40220,2,2,0,2,15,MOHAVE,268,LAKE HAVASU CITY,5,4,1,Front-to-Rear,1,1,Daylight,1,Clear,2,Nighttime,NO
1206,2015040223,40223,1,1,1,3,13,MARICOPA,30,AVONDALE,7,4,0,Not a Collision with Motor Vehicle In-Transport,1,3,Dark - Lighted,1,Clear,2,Nighttime,YES
1207,2015040225,40225,1,1,1,2,21,PINAL,22,APACHE JUNCTION,10,4,0,Not a Collision with Motor Vehicle In-Transport,1,1,Daylight,1,Clear,1,Daytime,YES
1208,2015040229,40229,1,1,0,2,25,YAVAPAI,0,NONE LISTED,11,4,0,Not a Collision with Motor Vehicle In-Transport,4,2,Dark - Not Lighted,1,Clear,2,Nighttime,YES
1209,2015040230,40230,1,1,0,2,13,MARICOPA,190,GILBERT,11,4,0,Not a Collision with Motor Vehicle In-Transport,4,3,Dark - Lighted,1,Clear,2,Nighttime,NO
1210,2015040236,40236,1,1,0,1,19,PIMA,530,TUCSON,20,4,0,Not a Collision with Motor Vehicle In-Transport,4,3,Dark - Lighted,1,Clear,2,Nighttime,NO
1211,2015040237,40237,1,1,1,1,19,PIMA,530,TUCSON,20,4,0,Not a Collision with Motor Vehicle In-Transport,1,1,Daylight,1,Clear,1,Daytime,YES
1212,2015040241,40241,1,1,0,1,19,PIMA,530,TUCSON,22,4,0,Not a Collision with Motor Vehicle In-Transport,4,1,Daylight,1,Clear,1,Daytime,YES
1213,2015040242,40242,2,2,0,2,27,YUMA,0,NONE LISTED,23,4,7,Sideswipe - Same Direction,1,1,Daylight,1,Clear,1,Daytime,YES
1214,2015040251,40251,2,2,0,2,23,SANTA CRUZ,0,NONE LISTED,24,4,6,Angle,1,3,Dark - Lighted,1,Clear,2,Nighttime,NO
1215,2015040252,40252,1,1,1,1,5,COCONINO,170,FLAGSTAFF,29,4,0,Not a Collision with Motor Vehicle In-Transport,1,3,Dark - Lighted,1,Clear,2,Nighttime,NO
1216,2015040253,40253,1,1,0,1,19,PIMA,0,NONE LISTED,6,1,99,Unknown,99,1,Daylight,99,Unknown,3,Unknown,YES
1217,2015040254,40254,2,2,0,2,17,NAVAJO,0,NONE LISTED,10,2,2,Front-to-Front,1,9,Unknown,99,Unknown,2,Nighttime,NO
1218,2015040257,40257,1,1,0,2,19,PIMA,0,NONE LISTED,11,4,99,Unknown,99,6,Dark - Unknown Lighting,99,Unknown,2,Nighttime,NO
1219,2015040258,40258,1,1,1,1,13,MARICOPA,0,NONE LISTED,12,4,0,Not a Collision with Motor Vehicle In-Transport,1,2,Dark - Not Lighted,1,Clear,2,Nighttime,YES
1220,2015040259,40259,1,1,0,2,19,PIMA,0,NONE LISTED,15,4,99,Unknown,99,9,Unknown,99,Unknown,3,Unknown,NO
1221,2015040261,40261,1,1,0,1,13,MARICOPA,0,NONE LISTED,15,4,0,Not a Collision with Motor Vehicle In-Transport,4,3,Dark - Lighted,1,Clear,2,Nighttime,NO
1222,2015040262,40262,4,4,1,8,13,MARICOPA,370,PHOENIX,16,4,0,Not a Collision with Motor Vehicle In-Transport,1,2,Dark - Not Lighted,1,Clear,2,Nighttime,NO
1223,2015040263,40263,1,1,1,1,17,NAVAJO,565,WHITERIVER,18,4,0,Not a Collision with Motor Vehicle In-Transport,1,6,Dark - Unknown Lighting,1,Clear,2,Nighttime,YES
1224,2015040264,40264,1,1,0,2,13,MARICOPA,0,NONE LISTED,19,4,0,Not a Collision with Motor Vehicle In-Transport,4,1,Daylight,1,Clear,1,Daytime,YES
1225,2015040270,40270,2,2,0,4,13,MARICOPA,370,PHOENIX,24,4,6,Angle,1,1,Daylight,1,Clear,1,Daytime,YES
1226,2015040277,40277,2,2,0,6,21,PINAL,22,APACHE JUNCTION,1,5,2,Front-to-Front,1,3,Dark - Lighted,1,Clear,2,Nighttime,YES
1227,2015040280,40280,1,1,0,1,13,MARICOPA,190,GILBERT,6,5,0,Not a Collision with Motor Vehicle In-Transport,4,3,Dark - Lighted,1,Clear,2,Nighttime,YES
1228,2015040281,40281,1,1,0,1,25,YAVAPAI,0,NONE LISTED,8,5,0,Not a Collision with Motor Vehicle In-Transport,1,1,Daylight,10,Cloudy,1,Daytime,NO
1229,2015040287,40287,1,1,0,1,13,MARICOPA,420,SCOTTSDALE,13,5,0,Not a Collision with Motor Vehicle In-Transport,4,3,Dark - Lighted,1,Clear,2,Nighttime,YES
1230,2015040291,40291,2,2,0,2,19,PIMA,0,NONE LISTED,16,5,2,Front-to-Front,1,1,Daylight,1,Clear,1,Daytime,NO
1231,2015040292,40292,2,2,0,3,23,SANTA CRUZ,330,NOGALES,16,5,6,Angle,1,1,Daylight,1,Clear,1,Daytime,YES
1232,2015040293,40293,1,1,0,1,5,COCONINO,0,NONE LISTED,17,5,0,Not a Collision with Motor Vehicle In-Transport,4,4,Dawn,1,Clear,2,Nighttime,NO
1233,2015040294,40294,3,3,0,4,13,MARICOPA,190,GILBERT,18,5,6,Angle,1,1,Daylight,1,Clear,1,Daytime,NO
1234,2015040295,40295,1,1,0,3,5,COCONINO,0,NONE LISTED,18,5,0,Not a Collision with Motor Vehicle In-Transport,4,1,Daylight,10,Cloudy,1,Daytime,NO
1235,2015040296,40296,2,2,0,3,13,MARICOPA,368,PEORIA,18,5,1,Front-to-Rear,1,3,Dark - Lighted,1,Clear,2,Nighttime,NO
1236,2015040298,40298,1,1,1,1,19,PIMA,530,TUCSON,21,5,0,Not a Collision with Motor Vehicle In-Transport,4,1,Daylight,98,Not Reported,1,Daytime,NO
1237,2015040300,40300,2,2,0,5,21,PINAL,0,NONE LISTED,22,5,1,Front-to-Rear,1,3,Dark - Lighted,1,Clear,2,Nighttime,YES
1238,2015040301,40301,1,1,0,2,27,YUMA,0,NONE LISTED,23,5,0,Not a Collision with Motor Vehicle In-Transport,4,2,Dark - Not Lighted,1,Clear,2,Nighttime,YES
1239,2015040302,40302,1,1,0,1,1,APACHE,0,NONE LISTED,23,5,0,Not a Collision with Motor Vehicle In-Transport,4,2,Dark - Not Lighted,1,Clear,1,Daytime,NO
1240,2015040308,40308,1,1,0,2,19,PIMA,295,MARANA,30,5,0,Not a Collision with Motor Vehicle In-Transport,3,2,Dark - Not Lighted,1,Clear,2,Nighttime,YES
1241,2015040309,40309,1,1,0,2,7,GILA,0,NONE LISTED,30,5,0,Not a Collision with Motor Vehicle In-Transport,1,2,Dark - Not Lighted,10,Cloudy,2,Nighttime,YES
1242,2015040311,40311,2,2,0,5,13,MARICOPA,370,PHOENIX,3,5,0,Not a Collision with Motor Vehicle In-Transport,4,3,Dark - Lighted,1,Clear,2,Nighttime,NO
1243,2015040312,40312,1,1,1,1,21,PINAL,0,NONE LISTED,21,5,0,Not a Collision with Motor Vehicle In-Transport,1,2,Dark - Not Lighted,1,Clear,2,Nighttime,YES
1244,2015040313,40313,1,1,0,1,19,PIMA,0,NONE LISTED,21,5,0,Not a Collision with Motor Vehicle In-Transport,4,2,Dark - Not Lighted,1,Clear,2,Nighttime,YES
1245,2015040315,40315,1,1,1,1,19,PIMA,0,NONE LISTED,24,5,0,Not a Collision with Motor Vehicle In-Transport,1,2,Dark - Not Lighted,1,Clear,2,Nighttime,NO
1246,2015040317,40317,2,2,0,2,13,MARICOPA,290,MESA,26,5,6,Angle,1,1,Daylight,1,Clear,1,Daytime,NO
1247,2015040318,40318,2,2,0,2,13,MARICOPA,486,SURPRISE,8,5,1,Front-to-Rear,1,1,Daylight,1,Clear,1,Daytime,YES