index,accident_id,ST_CASE,VE_TOTAL,VE_FORMS,PEDS,PERSONS,COUNTY,county_name,CITY,city_name,DAY,MONTH,MAN_COLL,man_coll_lit,REL_ROAD,LGT_COND,lgt_cond_lit,WEATHER,weather_lit,A_TOD,a_tod_lit,DEAD
1402,2015040684,40684,2,2,0,5,21,PINAL,0,NONE LISTED,10,11,6,Angle,1,2,Dark - Not Lighted,1,Clear,2,Nighttime,YES
1403,2015040685,40685,1,1,1,1,13,MARICOPA,486,SURPRISE,11,11,0,Not a Collision with Motor Vehicle In-Transport,1,1,Daylight,1,Clear,1,Daytime,YES
1404,2015040687,40687,1,1,0,1,25,YAVAPAI,373,PRESCOTT VALLEY,14,11,0,Not a Collision with Motor Vehicle In-Transport,8,1,Daylight,1,Clear,1,Daytime,YES
1405,2015040689,40689,1,1,1,1,19,PIMA,530,TUCSON,15,11,0,Not a Collision with Motor Vehicle In-Transport,1,3,Dark - Lighted,2,Rain,1,Daytime,YES
1406,2015040690,40690,1,1,1,1,13,MARICOPA,339,PARADISE VALLEY,15,11,0,Not a Collision with Motor Vehicle In-Transport,1,5,Dusk,2,Rain,1,Daytime,NO
1407,2015040693,40693,3,3,0,3,25,YAVAPAI,0,NONE LISTED,17,11,2,Front-to-Front,1,5,Dusk,1,Clear,1,Daytime,YES
1408,2015040698,40698,1,1,0,1,12,LA PAZ,55,BOUSE,21,11,0,Not a Collision with Motor Vehicle In-Transport,4,3,Dark - Lighted,1,Clear,2,Nighttime,YES
1409,2015040701,40701,1,1,1,1,12,LA PAZ,413,SALOME,24,11,0,Not a Collision with Motor Vehicle In-Transport,1,2,Dark - Not Lighted,10,Cloudy,2,Nighttime,NO
1410,2015040706,40706,1,1,0,1,13,MARICOPA,370,PHOENIX,18,10,0,Not a Collision with Motor Vehicle In-Transport,4,1,Daylight,1,Clear,1,Daytime,YES
1411,2015040707,40707,2,2,0,2,13,MARICOPA,370,PHOENIX,11,11,6,Angle,1,1,Daylight,1,Clear,1,Daytime,NO
1412,2015040708,40708,4,4,0,4,13,MARICOPA,370,PHOENIX,26,10,1,Front-to-Rear,1,3,Dark - Lighted,1,Clear,2,Nighttime,YES
1413,2015040709,40709,2,2,0,2,13,MARICOPA,370,PHOENIX,30,10,6,Angle,1,3,Dark - Lighted,1,Clear,2,Nighttime,NO
1414,2015040711,40711,1,1,0,5,13,MARICOPA,200,GLENDALE,2,10,0,Not a Collision with Motor Vehicle In-Transport,1,3,Dark - Lighted,1,Clear,2,Nighttime,NO
1415,2015040712,40712,1,1,0,1,13,MARICOPA,370,PHOENIX,4,10,0,Not a Collision with Motor Vehicle In-Transport,4,1,Daylight,10,Cloudy,1,Daytime,YES
1416,2015040713,40713,1,1,0,1,17,NAVAJO,0,NONE LISTED,5,10,0,Not a Collision with Motor Vehicle In-Transport,4,1,Daylight,10,Cloudy,1,Daytime,NO
1417,2015040714,40714,1,1,1,1,13,MARICOPA,370,PHOENIX,6,10,0,Not a Collision with Motor Vehicle In-Transport,1,3,Dark - Lighted,10,Cloudy,2,Nighttime,NO
1418,2015040716,40716,1,1,0,1,15,MOHAVE,0,NONE LISTED,12,10,0,Not a Collision with Motor Vehicle In-Transport,4,5,Dusk,1,Clear,1,Daytime,NO
1419,2015040717,40717,1,1,0,3,13,MARICOPA,370,PHOENIX,14,10,0,Not a Collision with Motor Vehicle In-Transport,4,6,Dark - Unknown Lighting,99,Unknown,2,Nighttime,YES
1420,2015040718,40718,1,1,0,3,1,APACHE,0,NONE LISTED,14,10,0,Not a Collision with Motor Vehicle In-Transport,99,1,Daylight,99,Unknown,1,Daytime,YES
1421,2015040720,40720,1,1,1,1,13,MARICOPA,370,PHOENIX,18,10,0,Not a Collision with Motor Vehicle In-Transport,1,3,Dark - Lighted,1,Clear,2,Nighttime,NO
1422,2015040723,40723,2,2,0,4,9,GRAHAM,0,NONE LISTED,22,10,99,Unknown,99,6,Dark - Unknown Lighting,99,Unknown,2,Nighttime,NO
1423,2015040725,40725,1,1,0,2,25,YAVAPAI,0,NONE LISTED,26,10,0,Not a Collision with Motor Vehicle In-Transport,1,1,Daylight,1,Clear,1,Daytime,YES
1424,2015040732,40732,2,2,0,2,3,COCHISE,0,NONE LISTED,23,11,6,Angle,1,2,Dark - Not Lighted,1,Clear,2,Nighttime,YES
1425,2015040733,40733,1,1,0,1,27,YUMA,0,NONE LISTED,29,11,0,Not a Collision with Motor Vehicle In-Transport,4,2,Dark - Not Lighted,1,Clear,2,Nighttime,YES
1426,2015040739,40739,1,1,0,1,7,GILA,0,NONE LISTED,4,11,0,Not a Collision with Motor Vehicle In-Transport,4,1,Daylight,10,Cloudy,1,Daytime,NO
1427,2015040742,40742,1,1,1,5,1,APACHE,0,NONE LISTED,30,6,0,Not a Collision with Motor Vehicle In-Transport,1,2,Dark - Not Lighted,1,Clear,2,Nighttime,YES
1428,2015040743,40743,1,1,0,1,17,NAVAJO,0,NONE LISTED,26,9,0,Not a Collision with Motor Vehicle In-Transport,99,6,Dark - Unknown Lighting,99,Unknown,2,Nighttime,NO
1429,2015040745,40745,2,2,0,3,7,GILA,0,NONE LISTED,2,11,99,Unknown,1,1,Daylight,99,Unknown,3,Unknown,YES
1430,2015040746,40746,2,2,0,2,13,MARICOPA,0,NONE LISTED,3,11,6,Angle,1,1,Daylight,10,Cloudy,1,Daytime,YES
1431,2015040747,40747,1,1,1,1,13,MARICOPA,370,PHOENIX,3,11,0,Not a Collision with Motor Vehicle In-Transport,1,2,Dark - Not Lighted,10,Cloudy,2,Nighttime,NO
1432,2015040749,40749,1,1,0,2,999,999,9999,UNKNOWN,7,11,99,Unknown,99,9,Unknown,99,Unknown,3,Unknown,YES
1433,2015040751,40751,1,1,0,3,1,APACHE,0,NONE LISTED,13,11,0,Not a Collision with Motor Vehicle In-Transport,4,2,Dark - Not Lighted,1,Clear,2,Nighttime,NO
1434,2015040752,40752,1,1,1,1,13,MARICOPA,200,GLENDALE,19,11,0,Not a Collision with Motor Vehicle In-Transport,1,6,Dark - Unknown Lighting,99,Unknown,2,Nighttime,NO
1435,2015040753,40753,1,1,0,2,1,APACHE,0,NONE LISTED,12,11,0,Not a Collision with Motor Vehicle In-Transport,99,9,Unknown,99,Unknown,3,Unknown,NO
1436,2015040755,40755,1,1,0,2,5,COCONINO,170,FLAGSTAFF,27,11,99,Unknown,99,9,Unknown,99,Unknown,3,Unknown,NO
1437,2015040756,40756,1,1,0,2,13,MARICOPA,490,TEMPE,27,11,0,Not a Collision with Motor Vehicle In-Transport,4,3,Dark - Lighted,1,Clear,2,Nighttime,YES
1438,2015040757,40757,2,2,0,5,13,MARICOPA,80,CHANDLER,29,11,2,Front-to-Front,1,2,Dark - Not Lighted,1,Clear,2,Nighttime,NO
1439,2015040760,40760,1,1,0,2,3,COCHISE,0,NONE LISTED,6,12,0,Not a Collision with Motor Vehicle In-Transport,4,5,Dusk,1,Clear,1,Daytime,YES
1440,2015040767,40767,2,2,0,4,13,MARICOPA,290,MESA,12,12,6,Angle,1,1,Daylight,10,Cloudy,1,Daytime,YES
1441,2015040780,40780,1,1,1,1,19,PIMA,0,NONE LISTED,30,12,0,Not a Collision with Motor Vehicle In-Transport,1,2,Dark - Not Lighted,1,Clear,2,Nighttime,NO
1442,2015040789,40789,2,2,0,3,13,MARICOPA,370,PHOENIX,20,11,99,Unknown,1,6,Dark - Unknown Lighting,99,Unknown,2,Nighttime,NO
1443,2015040790,40790,2,2,0,2,13,MARICOPA,370,PHOENIX,22,11,6,Angle,1,1,Daylight,1,Clear,1,Daytime,YES
1444,2015040795,40795,1,1,0,1,13,MARICOPA,0,NONE LISTED,8,12,0,Not a Collision with Motor Vehicle In-Transport,4,1,Daylight,1,Clear,1,Daytime,YES
1445,2015040796,40796,1,1,0,1,7,GILA,0,NONE LISTED,14,12,0,Not a Collision with Motor Vehicle In-Transport,5,8,Not Reported,4,Snow,1,Daytime,YES
1446,2015040799,40799,1,1,1,2,13,MARICOPA,80,CHANDLER,5,12,0,Not a Collision with Motor Vehicle In-Transport,1,3,Dark - Lighted,1,Clear,2,Nighttime,YES
1447,2015040801,40801,1,1,1,1,1,APACHE,0,NONE LISTED,4,12,0,Not a Collision with Motor Vehicle In-Transport,99,6,Dark - Unknown Lighting,99,Unknown,2,Nighttime,NO
1448,2015040804,40804,1,1,1,1,13,MARICOPA,74,CAVE CREEK,6,12,0,Not a Collision with Motor Vehicle In-Transport,1,2,Dark - Not Lighted,1,Clear,2,Nighttime,YES
1449,2015040806,40806,4,4,0,4,13,MARICOPA,0,NONE LISTED,9,12,2,Front-to-Front,1,1,Daylight,1,Clear,1,Daytime,YES
1450,2015040807,40807,1,1,1,1,13,MARICOPA,200,GLENDALE,11,12,0,Not a Collision with Motor Vehicle In-Transport,1,3,Dark - Lighted,1,Clear,2,Nighttime,NO
1451,2015040813,40813,1,1,0,4,7,GILA,0,NONE LISTED,20,12,0,Not a Collision with Motor Vehicle In-Transport,4,1,Daylight,2,Rain,1,Daytime,YES
1452,2015040820,40820,1,1,0,2,13,MARICOPA,0,NONE LISTED,10,12,99,Unknown,99,9,Unknown,99,Unknown,3,Unknown,NO
1453,2015040822,40822,1,1,1,4,13,MARICOPA,370,PHOENIX,13,12,0,Not a Collision with Motor Vehicle In-Transport,1,3,Dark - Lighted,1,Clear,2,Nighttime,YES
1454,2015040823,40823,1,1,0,4,13,MARICOPA,370,PHOENIX,17,12,0,Not a Collision with Motor Vehicle In-Transport,4,1,Daylight,99,Unknown,1,Daytime,YES
1455,2015040825,40825,1,1,0,1,5,COCONINO,0,NONE LISTED,20,12,0,Not a Collision with Motor Vehicle In-Transport,4,2,Dark - Not Lighted,10,Cloudy,2,Nighttime,NO
1456,2015040827,40827,1,1,0,2,19,PIMA,0,NONE LISTED,25,12,0,Not a Collision with Motor Vehicle In-Transport,4,1,Daylight,1,Clear,1,Daytime,NO
1457,2015040830,40830,1,1,0,1,999,999,9999,UNKNOWN,25,7,0,Not a Collision with Motor Vehicle In-Transport,99,9,Unknown,99,Unknown,3,Unknown,YES
1458,2015040831,40831,3,3,0,5,13,MARICOPA,420,SCOTTSDALE,26,12,8,Sideswipe - Opposite Direction,1,2,Dark - Not Lighted,1,Clear,2,Nighttime,YES
1459,2015040833,40833,1,1,0,2,1,APACHE,0,NONE LISTED,23,6,0,Not a Collision with Motor Vehicle In-Transport,4,1,Daylight,1,Clear,1,Daytime,YES
1460,2015040834,40834,1,1,0,1,1,APACHE,0,NONE LISTED,13,7,0,Not a Collision with Motor Vehicle In-Transport,4,1,Daylight,1,Clear,1,Daytime,NO
1461,2015040835,40835,2,2,0,4,17,NAVAJO,0,NONE LISTED,24,5,99,Unknown,99,1,Daylight,99,Unknown,1,Daytime,NO
1462,2015040836,40836,1,1,0,2,1,APACHE,0,NONE LISTED,6,3,0,Not a Collision with Motor Vehicle In-Transport,99,6,Dark - Unknown Lighting,99,Unknown,2,Nighttime,NO
1463,2015040837,40837,1,1,0,1,5,COCONINO,0,NONE LISTED,1,9,0,Not a Collision with Motor Vehicle In-Transport,99,9,Unknown,99,Unknown,3,Unknown,NO
1464,2015040838,40838,1,1,0,2,1,APACHE,0,NONE LISTED,13,9,0,Not a Collision with Motor Vehicle In-Transport,99,9,Unknown,99,Unknown,2,Nighttime,YES
1465,2015040840,40840,1,1,1,1,15,MOHAVE,268,LAKE HAVASU CITY,4,11,0,Not a Collision with Motor Vehicle In-Transport,1,2,Dark - Not Lighted,10,Cloudy,1,Daytime,YES
1466,2015040841,40841,1,1,1,1,1,APACHE,0,NONE LISTED,8,11,0,Not a Collision with Motor Vehicle In-Transport,1,9,Unknown,99,Unknown,2,Nighttime,YES
1467,2015040842,40842,1,1,0,6,21,PINAL,0,NONE LISTED,8,11,0,Not a Collision with Motor Vehicle In-Transport,4,1,Daylight,1,Clear,1,Daytime,NO
1468,2016040001,40001,1,1,0,5,21,PINAL,0,NONE LISTED,2,1,0,Not a Collision with Motor Vehicle In-Transport,4,1,Daylight,1,Clear,1,Daytime,NO
1469,2016040002,40002,1,1,1,1,13,MARICOPA,30,AVONDALE,2,1,0,Not a Collision with Motor Vehicle In-Transport,1,3,Dark - Lighted,1,Clear,2,Nighttime,NO
1470,2016040007,40007,1,1,0,3,27,YUMA,620,YUMA,10,1,0,Not a Collision with Motor Vehicle In-Transport,4,3,Dark - Lighted,1,Clear,2,Nighttime,NO
1471,2016040010,40010,1,1,1,1,13,MARICOPA,290,MESA,14,1,0,Not a Collision with Motor Vehicle In-Transport,1,3,Dark - Lighted,1,Clear,2,Nighttime,NO
1472,2016040014,40014,1,1,1,1,13,MARICOPA,290,MESA,19,1,0,Not a Collision with Motor Vehicle In-Transport,1,1,Daylight,1,Clear,1,Daytime,NO
1473,2016040016,40016,1,1,0,1,13,MARICOPA,30,AVONDALE,22,1,0,Not a Collision with Motor Vehicle In-Transport,5,3,Dark - Lighted,10,Cloudy,2,Nighttime,NO
1474,2016040019,40019,1,1,0,2,13,MARICOPA,220,GOODYEAR,24,1,0,Not a Collision with Motor Vehicle In-Transport,3,1,Daylight,1,Clear,1,Daytime,YES
1475,2016040021,40021,1,1,0,3,1,APACHE,0,NONE LISTED,25,1,0,Not a Collision with Motor Vehicle In-Transport,4,1,Daylight,1,Clear,1,Daytime,NO
1476,2016040024,40024,1,1,0,1,19,PIMA,0,NONE LISTED,28,1,0,Not a Collision with Motor Vehicle In-Transport,4,2,Dark - Not Lighted,1,Clear,2,Nighttime,NO
1477,2016040025,40025,1,1,0,1,13,MARICOPA,158,EL MIRAGE,30,1,0,Not a Collision with Motor Vehicle In-Transport,5,2,Dark - Not Lighted,1,Clear,2,Nighttime,YES
1478,2016040026,40026,1,1,1,1,13,MARICOPA,420,SCOTTSDALE,9,1,0,Not a Collision with Motor Vehicle In-Transport,4,3,Dark - Lighted,1,Clear,2,Nighttime,YES
1479,2016040028,40028,2,2,0,3,19,PIMA,530,TUCSON,14,1,6,Angle,1,1,Daylight,1,Clear,1,Daytime,NO
1480,2016040029,40029,1,1,0,4,17,NAVAJO,429,SHOW LOW,15,1,0,Not a Collision with Motor Vehicle In-Transport,4,2,Dark - Not Lighted,4,Snow,2,Nighttime,YES
1481,2016040031,40031,3,2,0,2,25,YAVAPAI,0,NONE LISTED,16,1,2,Front-to-Front,1,1,Daylight,1,Clear,1,Daytime,NO
1482,2016040032,40032,2,2,0,7,1,APACHE,0,NONE LISTED,15,1,0,Not a Collision with Motor Vehicle In-Transport,4,1,Daylight,4,Snow,3,Unknown,YES
1483,2016040033,40033,2,2,0,3,13,MARICOPA,368,PEORIA,25,1,8,Sideswipe - Opposite Direction,1,1,Daylight,1,Clear,1,Daytime,NO
1484,2016040038,40038,2,2,0,2,21,PINAL,70,CASA GRANDE,5,2,2,Front-to-Front,1,4,Dawn,1,Clear,1,Daytime,NO
1485,2016040044,40044,2,2,0,3,25,YAVAPAI,0,NONE LISTED,14,2,7,Sideswipe - Same Direction,1,1,Daylight,1,Clear,2,Nighttime,NO
1486,2016040046,40046,2,2,0,3,19,PIMA,0,NONE LISTED,16,2,6,Angle,1,1,Daylight,1,Clear,1,Daytime,NO
1487,2016040048,40048,1,1,1,1,13,MARICOPA,200,GLENDALE,17,2,0,Not a Collision with Motor Vehicle In-Transport,1,3,Dark - Lighted,1,Clear,2,Nighttime,YES
1488,2016040049,40049,1,1,1,1,13,MARICOPA,370,PHOENIX,17,2,0,Not a Collision with Motor Vehicle In-Transport,1,3,Dark - Lighted,1,Clear,2,Nighttime,YES
1489,2016040050,40050,1,1,0,1,13,MARICOPA,368,PEORIA,19,2,0,Not a Collision with Motor Vehicle In-Transport,5,1,Daylight,1,Clear,1,Daytime,YES
1490,2016040051,40051,2,2,0,3,19,PIMA,530,TUCSON,19,2,1,Front-to-Rear,1,5,Dusk,1,Clear,2,Nighttime,NO
1491,2016040052,40052,1,1,0,1,7,GILA,0,NONE LISTED,20,2,0,Not a Collision with Motor Vehicle In-Transport,4,1,Daylight,1,Clear,1,Daytime,YES
1492,2016040056,40056,1,1,1,1,13,MARICOPA,370,PHOENIX,21,2,0,Not a Collision with Motor Vehicle In-Transport,1,3,Dark - Lighted,1,Clear,2,Nighttime,NO
1493,2016040062,40062,1,1,1,1,13,MARICOPA,80,CHANDLER,15,1,0,Not a Collision with Motor Vehicle In-Transport,4,3,Dark - Lighted,1,Clear,1,Daytime,NO
1494,2016040063,40063,2,2,0,2,19,PIMA,530,TUCSON,22,2,7,Sideswipe - Same Direction,1,1,Daylight,1,Clear,1,Daytime,NO
1495,2016040064,40064,1,1,1,1,13,MARICOPA,0,NONE LISTED,2,1,0,Not a Collision with Motor Vehicle In-Transport,1,3,Dark - Lighted,1,Clear,2,Nighttime,NO
1496,2016040065,40065,2,2,0,2,7,GILA,0,NONE LISTED,3,1,2,Front-to-Front,1,2,Dark - Not Lighted,1,Clear,2,Nighttime,NO
1497,2016040066,40066,1,1,0,1,13,MARICOPA,200,GLENDALE,4,1,0,Not a Collision with Motor Vehicle In-Transport,5,2,Dark - Not Lighted,10,Cloudy,1,Daytime,NO
1498,2016040067,40067,1,1,0,3,1,APACHE,0,NONE LISTED,5,1,0,Not a Collision with Motor Vehicle In-Transport,4,6,Dark - Unknown Lighting,98,Not Reported,1,Daytime,YES
1499,2016040068,40068,1,1,1,1,13,MARICOPA,370,PHOENIX,6,1,0,Not a Collision with Motor Vehicle In-Transport,4,1,Daylight,98,Not Reported,1,Daytime,NO
1500,2016040069,40069,1,1,1,1,13,MARICOPA,370,PHOENIX,7,1,0,Not a Collision with Motor Vehicle In-Transport,1,1,Daylight,98,Not Reported,1,Daytime,YES
1501,2016040071,40071,1,1,1,2,13,MARICOPA,370,PHOENIX,8,1,0,Not a Collision with Motor Vehicle In-Transport,1,6,Dark - Unknown Lighting,99,Unknown,2,Nighttime,YES
1502,2016040073,40073,1,1,1,1,13,MARICOPA,200,GLENDALE,9,1,0,Not a Collision with Motor Vehicle In-Transport,1,3,Dark - Lighted,1,Clear,2,Nighttime,YES
1503,2016040074,40074,1,1,1,1,13,MARICOPA,370,PHOENIX,10,1,0,Not a Collision with Motor Vehicle In-Transport,1,6,Dark - Unknown Lighting,98,Not Reported,2,Nighttime,YES
1504,2016040076,40076,1,1,1,1,13,MARICOPA,0,NONE LISTED,13,1,0,Not a Collision with Motor Vehicle In-Transport,4,1,Daylight,1,Clear,1,Daytime,YES
1505,2016040077,40077,1,1,1,1,13,MARICOPA,80,CHANDLER,14,1,0,Not a Collision with Motor Vehicle In-Transport,4,1,Daylight,1,Clear,1,Daytime,NO
1506,2016040078,40078,2,2,0,2,15,MOHAVE,268,LAKE HAVASU CITY,19,1,6,Angle,1,6,Dark - Unknown Lighting,98,Not Reported,2,Nighttime,YES
1507,2016040082,40082,1,1,1,3,19,PIMA,355,ORO VALLEY,22,1,0,Not a Collision with Motor Vehicle In-Transport,1,1,Daylight,1,Clear,1,Daytime,YES
1508,2016040086,40086,1,1,1,2,13,MARICOPA,370,PHOENIX,26,1,0,Not a Collision with Motor Vehicle In-Transport,1,1,Daylight,98,Not Reported,1,Daytime,NO
1509,2016040087,40087,1,1,1,1,13,MARICOPA,370,PHOENIX,28,1,0,Not a Collision with Motor Vehicle In-Transport,99,9,Unknown,98,Not Reported,3,Unknown,YES
1510,2016040088,40088,3,3,0,6,13,MARICOPA,475,SUN CITY,3,1,7,Sideswipe - Same Direction,1,1,Daylight,1,Clear,1,Daytime,YES
1511,2016040089,40089,2,2,0,3,13,MARICOPA,370,PHOENIX,12,1,2,Front-to-Front,1,6,Dark - Unknown Lighting,98,Not Reported,3,Unknown,NO
1512,2016040096,40096,1,1,0,2,5,COCONINO,0,NONE LISTED,29,1,0,Not a Collision with Motor Vehicle In-Transport,99,9,Unknown,98,Not Reported,2,Nighttime,NO
1513,2016040097,40097,1,1,0,2,13,MARICOPA,0,NONE LISTED,7,2,0,Not a Collision with Motor Vehicle In-Transport,4,2,Dark - Not Lighted,1,Clear,2,Nighttime,YES
1514,2016040099,40099,1,1,1,1,13,MARICOPA,370,PHOENIX,25,2,0,Not a Collision with Motor Vehicle In-Transport,1,3,Dark - Lighted,1,Clear,2,Nighttime,NO
1515,2016040101,40101,2,2,0,2,13,MARICOPA,190,GILBERT,4,3,0,Not a Collision with Motor Vehicle In-Transport,4,1,Daylight,1,Clear,1,Daytime,NO
1516,2016040102,40102,1,1,1,3,1,APACHE,0,NONE LISTED,4,3,0,Not a Collision with Motor Vehicle In-Transport,1,2,Dark - Not Lighted,1,Clear,2,Nighttime,NO
1517,2016040104,40104,1,1,0,2,19,PIMA,0,NONE LISTED,7,3,0,Not a Collision with Motor Vehicle In-Transport,4,3,Dark - Lighted,10,Cloudy,2,Nighttime,NO
1518,2016040105,40105,2,2,0,3,17,NAVAJO,0,NONE LISTED,8,3,2,Front-to-Front,1,5,Dusk,10,Cloudy,2,Nighttime,NO
1519,2016040106,40106,1,1,1,1,21,PINAL,297,MARICOPA WELLS,10,3,0,Not a Collision with Motor Vehicle In-Transport,1,2,Dark - Not Lighted,1,Clear,2,Nighttime,YES
1520,2016040109,40109,2,2,0,4,21,PINAL,0,NONE LISTED,12,3,0,Not a Collision with Motor Vehicle In-Transport,1,1,Daylight,1,Clear,1,Daytime,NO
1521,2016040112,40112,2,2,0,3,13,MARICOPA,368,PEORIA,20,3,6,Angle,1,1,Daylight,1,Clear,1,Daytime,NO
1522,2016040113,40113,1,1,0,1,19,PIMA,0,NONE LISTED,20,3,0,Not a Collision with Motor Vehicle In-Transport,4,5,Dusk,1,Clear,1,Daytime,YES
1523,2016040114,40114,1,1,1,5,13,MARICOPA,200,GLENDALE,20,3,0,Not a Collision with Motor Vehicle In-Transport,1,3,Dark - Lighted,1,Clear,2,Nighttime,NO
1524,2016040116,40116,1,1,0,1,13,MARICOPA,370,PHOENIX,21,3,0,Not a Collision with Motor Vehicle In-Transport,4,1,Daylight,1,Clear,1,Daytime,NO
1525,2016040117,40117,1,1,1,2,13,MARICOPA,190,GILBERT,21,3,0,Not a Collision with Motor Vehicle In-Transport,1,3,Dark - Lighted,1,Clear,2,Nighttime,YES
1526,2016040118,40118,1,1,0,1,5,COCONINO,0,NONE LISTED,22,3,0,Not a Collision with Motor Vehicle In-Transport,4,2,Dark - Not Lighted,1,Clear,2,Nighttime,NO
1527,2016040119,40119,1,1,0,3,21,PINAL,0,NONE LISTED,23,3,0,Not a Collision with Motor Vehicle In-Transport,4,4,Dawn,1,Clear,1,Daytime,NO
1528,2016040123,40123,1,1,0,1,13,MARICOPA,370,PHOENIX,24,3,0,Not a Collision with Motor Vehicle In-Transport,4,3,Dark - Lighted,1,Clear,2,Nighttime,YES
1529,2016040125,40125,2,2,0,2,1,APACHE,0,NONE LISTED,26,3,2,Front-to-Front,1,2,Dark - Not Lighted,1,Clear,2,Nighttime,NO
1530,2016040128,40128,1,1,0,4,21,PINAL,110,COOLIDGE,31,3,0,Not a Collision with Motor Vehicle In-Transport,1,1,Daylight,1,Clear,1,Daytime,YES
1531,2016040130,40130,1,1,0,2,13,MARICOPA,370,PHOENIX,20,3,0,Not a Collision with Motor Vehicle In-Transport,4,1,Daylight,1,Clear,1,Daytime,NO
1532,2016040131,40131,1,1,0,2,3,COCHISE,0,NONE LISTED,21,2,0,Not a Collision with Motor Vehicle In-Transport,4,1,Daylight,1,Clear,1,Daytime,NO
1533,2016040132,40132,1,1,0,1,21,PINAL,0,NONE LISTED,14,2,0,Not a Collision with Motor Vehicle In-Transport,1,2,Dark - Not Lighted,1,Clear,2,Nighttime,YES
1534,2016040133,40133,1,1,1,1,13,MARICOPA,370,PHOENIX,5,2,0,Not a Collision with Motor Vehicle In-Transport,99,9,Unknown,98,Not Reported,2,Nighttime,YES
1535,2016040136,40136,1,1,0,1,5,COCONINO,0,NONE LISTED,8,2,0,Not a Collision with Motor Vehicle In-Transport,4,9,Unknown,99,Unknown,1,Daytime,NO
1536,2016040137,40137,1,1,1,5,13,MARICOPA,370,PHOENIX,10,2,0,Not a Collision with Motor Vehicle In-Transport,1,1,Daylight,1,Clear,1,Daytime,YES
1537,2016040138,40138,2,2,0,4,13,MARICOPA,370,PHOENIX,10,2,6,Angle,1,1,Daylight,1,Clear,2,Nighttime,YES
1538,2016040141,40141,1,1,1,1,13,MARICOPA,200,GLENDALE,13,2,0,Not a Collision with Motor Vehicle In-Transport,1,3,Dark - Lighted,1,Clear,2,Nighttime,YES
1539,2016040142,40142,1,1,1,1,13,MARICOPA,370,PHOENIX,13,2,0,Not a Collision with Motor Vehicle In-Transport,1,6,Dark - Unknown Lighting,98,Not Reported,2,Nighttime,NO
1540,2016040143,40143,1,1,0,1,13,MARICOPA,0,NONE LISTED,14,2,0,Not a Collision with Motor Vehicle In-Transport,4,1,Daylight,1,Clear,1,Daytime,YES
1541,2016040144,40144,1,1,0,1,3,COCHISE,520,TOMBSTONE,15,2,0,Not a Collision with Motor Vehicle In-Transport,98,1,Daylight,98,Not Reported,1,Daytime,NO
1542,2016040147,40147,2,2,0,2,13,MARICOPA,370,PHOENIX,19,2,6,Angle,1,3,Dark - Lighted,10,Cloudy,2,Nighttime,YES
1543,2016040149,40149,2,2,0,3,13,MARICOPA,370,PHOENIX,19,2,6,Angle,1,3,Dark - Lighted,1,Clear,2,Nighttime,NO
1544,2016040151,40151,1,1,0,2,9,GRAHAM,0,NONE LISTED,29,2,0,Not a Collision with Motor Vehicle In-Transport,4,8,Not Reported,98,Not Reported,1,Daytime,YES
1545,2016040152,40152,1,1,0,1,13,MARICOPA,370,PHOENIX,27,2,0,Not a Collision with Motor Vehicle In-Transport,4,1,Daylight,1,Clear,1,Daytime,YES
1546,2016040153,40153,1,1,0,1,13,MARICOPA,190,GILBERT,28,2,0,Not a Collision with Motor Vehicle In-Transport,1,2,Dark - Not Lighted,1,Clear,2,Nighttime,YES
1547,2016040158,40158,1,1,0,2,19,PIMA,0,NONE LISTED,21,3,0,Not a Collision with Motor Vehicle In-Transport,4,1,Daylight,1,Clear,1,Daytime,YES
1548,2016040161,40161,1,1,0,1,13,MARICOPA,486,SURPRISE,31,3,0,Not a Collision with Motor Vehicle In-Transport,4,3,Dark - Lighted,1,Clear,2,Nighttime,YES
1549,2016040164,40164,2,2,0,3,21,PINAL,22,APACHE JUNCTION,1,4,6,Angle,1,3,Dark - Lighted,1,Clear,2,Nighttime,NO
1550,2016040166,40166,2,2,0,2,17,NAVAJO,0,NONE LISTED,2,4,2,Front-to-Front,1,2,Dark - Not Lighted,1,Clear,2,Nighttime,NO
1551,2016040170,40170,2,2,0,2,13,MARICOPA,420,SCOTTSDALE,4,4,99,Unknown,1,1,Daylight,1,Clear,1,Daytime,YES
1552,2016040171,40171,1,1,0,2,17,NAVAJO,0,NONE LISTED,6,4,0,Not a Collision with Motor Vehicle In-Transport,4,1,Daylight,1,Clear,1,Daytime,NO