index,accident_id,ST_CASE,VE_TOTAL,VE_FORMS,PEDS,PERSONS,COUNTY,county_name,CITY,city_name,DAY,MONTH,MAN_COLL,man_coll_lit,REL_ROAD,LGT_COND,lgt_cond_lit,WEATHER,weather_lit,A_TOD,a_tod_lit,DEAD
1553,2016040176,40176,2,2,0,2,13,MARICOPA,190,GILBERT,9,4,1,Front-to-Rear,1,1,Daylight,1,Clear,1,Daytime,YES
1554,2016040177,40177,1,1,0,3,13,MARICOPA,368,PEORIA,9,4,0,Not a Collision with Motor Vehicle In-Transport,1,1,Daylight,1,Clear,2,Nighttime,NO
1555,2016040178,40178,2,2,0,2,19,PIMA,530,TUCSON,9,4,6,Angle,1,3,Dark - Lighted,10,Cloudy,2,Nighttime,NO
1556,2016040182,40182,1,1,0,1,3,COCHISE,431,SIERRA VISTA,11,4,0,Not a Collision with Motor Vehicle In-Transport,4,9,Unknown,10,Cloudy,1,Daytime,NO
1557,2016040183,40183,1,1,0,1,13,MARICOPA,420,SCOTTSDALE,17,4,0,Not a Collision with Motor Vehicle In-Transport,4,1,Daylight,1,Clear,1,Daytime,YES
1558,2016040185,40185,1,1,0,1,13,MARICOPA,420,SCOTTSDALE,20,4,0,Not a Collision with Motor Vehicle In-Transport,3,3,Dark - Lighted,1,Clear,2,Nighttime,YES
1559,2016040187,40187,1,1,0,5,7,GILA,0,NONE LISTED,25,4,0,Not a Collision with Motor Vehicle In-Transport,4,2,Dark - Not Lighted,1,Clear,2,Nighttime,NO
1560,2016040190,40190,1,1,0,1,19,PIMA,295,MARANA,29,4,0,Not a Collision with Motor Vehicle In-Transport,4,5,Dusk,1,Clear,2,Nighttime,NO
1561,2016040191,40191,1,1,0,1,15,MOHAVE,59,BULLHEAD CITY,29,4,0,Not a Collision with Motor Vehicle In-Transport,4,2,Dark - Not Lighted,1,Clear,2,Nighttime,YES
1562,2016040194,40194,1,1,0,4,21,PINAL,256,KEARNY,27,3,0,Not a Collision with Motor Vehicle In-Transport,4,1,Daylight,1,Clear,1,Daytime,YES
1563,2016040198,40198,1,1,0,1,19,PIMA,0,NONE LISTED,1,3,0,Not a Collision with Motor Vehicle In-Transport,4,9,Unknown,99,Unknown,1,Daytime,YES
1564,2016040199,40199,1,1,5,1,19,PIMA,0,NONE LISTED,3,3,0,Not a Collision with Motor Vehicle In-Transport,4,1,Daylight,1,Clear,1,Daytime,YES
1565,2016040202,40202,1,1,1,1,17,NAVAJO,565,WHITERIVER,11,3,0,Not a Collision with Motor Vehicle In-Transport,1,9,Unknown,98,Not Reported,2,Nighttime,NO
1566,2016040203,40203,1,1,0,1,5,COCONINO,0,NONE LISTED,12,3,0,Not a Collision with Motor Vehicle In-Transport,4,6,Dark - Unknown Lighting,1,Clear,3,Unknown,YES
1567,2016040204,40204,2,2,0,2,13,MARICOPA,0,NONE LISTED,14,3,2,Front-to-Front,1,2,Dark - Not Lighted,1,Clear,2,Nighttime,YES
1568,2016040205,40205,1,1,1,1,13,MARICOPA,200,GLENDALE,15,3,0,Not a Collision with Motor Vehicle In-Transport,1,1,Daylight,1,Clear,1,Daytime,NO
1569,2016040208,40208,2,2,0,2,13,MARICOPA,0,NONE LISTED,28,3,6,Angle,1,1,Daylight,1,Clear,1,Daytime,YES
1570,2016040209,40209,1,1,1,1,13,MARICOPA,0,NONE LISTED,28,3,0,Not a Collision with Motor Vehicle In-Transport,1,1,Daylight,1,Clear,1,Daytime,NO
1571,2016040211,40211,1,1,0,1,13,MARICOPA,200,GLENDALE,9,4,0,Not a Collision with Motor Vehicle In-Transport,4,3,Dark - Lighted,10,Cloudy,2,Nighttime,NO
1572,2016040213,40213,2,2,0,2,7,GILA,0,NONE LISTED,30,4,2,Front-to-Front,1,1,Daylight,10,Cloudy,1,Daytime,YES
1573,2016040214,40214,1,1,0,1,21,PINAL,0,NONE LISTED,17,3,0,Not a Collision with Motor Vehicle In-Transport,4,6,Dark - Unknown Lighting,1,Clear,2,Nighttime,YES
1574,2016040216,40216,1,1,1,1,13,MARICOPA,290,MESA,10,3,0,Not a Collision with Motor Vehicle In-Transport,1,2,Dark - Not Lighted,1,Clear,2,Nighttime,YES
1575,2016040218,40218,2,2,0,2,13,MARICOPA,370,PHOENIX,11,3,99,Unknown,1,3,Dark - Lighted,1,Clear,2,Nighttime,NO
1576,2016040224,40224,2,2,0,2,13,MARICOPA,370,PHOENIX,25,3,6,Angle,1,1,Daylight,1,Clear,1,Daytime,YES
1577,2016040225,40225,1,1,1,1,13,MARICOPA,370,PHOENIX,25,3,0,Not a Collision with Motor Vehicle In-Transport,1,6,Dark - Unknown Lighting,99,Unknown,2,Nighttime,YES
1578,2016040227,40227,1,1,1,3,13,MARICOPA,370,PHOENIX,28,3,0,Not a Collision with Motor Vehicle In-Transport,1,6,Dark - Unknown Lighting,98,Not Reported,2,Nighttime,YES
1579,2016040228,40228,1,1,1,1,13,MARICOPA,370,PHOENIX,29,3,0,Not a Collision with Motor Vehicle In-Transport,1,6,Dark - Unknown Lighting,98,Not Reported,2,Nighttime,NO
1580,2016040234,40234,1,1,1,1,19,PIMA,355,ORO VALLEY,27,4,0,Not a Collision with Motor Vehicle In-Transport,3,1,Daylight,1,Clear,1,Daytime,YES
1581,2016040236,40236,2,2,0,2,13,MARICOPA,0,NONE LISTED,29,4,6,Angle,1,1,Daylight,1,Clear,1,Daytime,YES
1582,2016040237,40237,2,2,0,4,21,PINAL,0,NONE LISTED,5,4,6,Angle,1,1,Daylight,1,Clear,1,Daytime,YES
1583,2016040239,40239,1,1,0,2,13,MARICOPA,370,PHOENIX,27,1,0,Not a Collision with Motor Vehicle In-Transport,1,1,Daylight,98,Not Reported,1,Daytime,NO
1584,2016040240,40240,1,1,0,2,12,LA PAZ,340,PARKER,21,2,99,Unknown,99,9,Unknown,98,Not Reported,3,Unknown,YES
1585,2016040241,40241,2,2,0,2,13,MARICOPA,74,CAVE CREEK,3,4,6,Angle,1,5,Dusk,1,Clear,1,Daytime,NO
1586,2016040242,40242,1,1,0,2,13,MARICOPA,0,NONE LISTED,13,4,0,Not a Collision with Motor Vehicle In-Transport,1,5,Dusk,1,Clear,1,Daytime,YES
1587,2016040244,40244,1,1,1,2,5,COCONINO,336,PAGE,22,4,0,Not a Collision with Motor Vehicle In-Transport,1,3,Dark - Lighted,1,Clear,2,Nighttime,YES
1588,2016040245,40245,1,1,1,3,21,PINAL,0,NONE LISTED,22,4,0,Not a Collision with Motor Vehicle In-Transport,1,2,Dark - Not Lighted,1,Clear,2,Nighttime,NO
1589,2016040246,40246,1,1,0,3,25,YAVAPAI,0,NONE LISTED,3,4,0,Not a Collision with Motor Vehicle In-Transport,4,1,Daylight,1,Clear,1,Daytime,NO
1590,2016040248,40248,1,1,1,1,999,999,9999,UNKNOWN,1,4,0,Not a Collision with Motor Vehicle In-Transport,99,9,Unknown,98,Not Reported,1,Daytime,NO
1591,2016040249,40249,1,1,0,2,17,NAVAJO,565,WHITERIVER,2,4,0,Not a Collision with Motor Vehicle In-Transport,1,4,Dawn,1,Clear,1,Daytime,YES
1592,2016040250,40250,3,3,0,5,13,MARICOPA,486,SURPRISE,2,4,1,Front-to-Rear,1,1,Daylight,1,Clear,1,Daytime,YES
1593,2016040251,40251,1,1,0,1,21,PINAL,0,NONE LISTED,3,4,99,Unknown,99,9,Unknown,98,Not Reported,3,Unknown,NO
1594,2016040253,40253,1,1,0,4,21,PINAL,0,NONE LISTED,4,4,0,Not a Collision with Motor Vehicle In-Transport,4,1,Daylight,1,Clear,1,Daytime,YES
1595,2016040255,40255,1,1,0,1,13,MARICOPA,341,NEW RIVER,7,4,0,Not a Collision with Motor Vehicle In-Transport,4,1,Daylight,1,Clear,1,Daytime,YES
1596,2016040256,40256,1,1,0,1,1,APACHE,0,NONE LISTED,8,4,0,Not a Collision with Motor Vehicle In-Transport,4,6,Dark - Unknown Lighting,98,Not Reported,2,Nighttime,YES
1597,2016040257,40257,1,1,1,1,21,PINAL,70,CASA GRANDE,9,4,0,Not a Collision with Motor Vehicle In-Transport,1,1,Daylight,1,Clear,2,Nighttime,YES
1598,2016040258,40258,2,2,0,2,13,MARICOPA,0,NONE LISTED,11,4,6,Angle,1,3,Dark - Lighted,1,Clear,2,Nighttime,YES
1599,2016040259,40259,1,1,0,4,21,PINAL,110,COOLIDGE,12,4,0,Not a Collision with Motor Vehicle In-Transport,4,2,Dark - Not Lighted,1,Clear,2,Nighttime,NO
1600,2016040261,40261,2,2,0,2,13,MARICOPA,200,GLENDALE,22,4,0,Not a Collision with Motor Vehicle In-Transport,1,6,Dark - Unknown Lighting,98,Not Reported,2,Nighttime,YES
1601,2016040263,40263,1,1,0,1,13,MARICOPA,0,NONE LISTED,26,4,0,Not a Collision with Motor Vehicle In-Transport,4,1,Daylight,1,Clear,1,Daytime,NO
1602,2016040267,40267,1,1,1,1,13,MARICOPA,370,PHOENIX,2,4,0,Not a Collision with Motor Vehicle In-Transport,1,6,Dark - Unknown Lighting,98,Not Reported,2,Nighttime,YES
1603,2016040268,40268,3,3,0,5,13,MARICOPA,370,PHOENIX,2,4,1,Front-to-Rear,1,1,Daylight,1,Clear,1,Daytime,YES
1604,2016040269,40269,2,2,0,4,13,MARICOPA,370,PHOENIX,7,4,6,Angle,1,9,Unknown,98,Not Reported,2,Nighttime,YES
1605,2016040270,40270,1,1,1,1,13,MARICOPA,370,PHOENIX,8,4,0,Not a Collision with Motor Vehicle In-Transport,1,6,Dark - Unknown Lighting,98,Not Reported,2,Nighttime,NO
1606,2016040271,40271,1,1,1,1,13,MARICOPA,370,PHOENIX,12,4,0,Not a Collision with Motor Vehicle In-Transport,1,6,Dark - Unknown Lighting,98,Not Reported,2,Nighttime,YES
1607,2016040273,40273,2,2,0,3,13,MARICOPA,370,PHOENIX,18,4,2,Front-to-Front,1,1,Daylight,98,Not Reported,1,Daytime,NO
1608,2016040280,40280,1,1,0,2,13,MARICOPA,370,PHOENIX,30,4,0,Not a Collision with Motor Vehicle In-Transport,4,4,Dawn,1,Clear,1,Daytime,YES
1609,2016040284,40284,1,1,0,1,5,COCONINO,0,NONE LISTED,5,5,0,Not a Collision with Motor Vehicle In-Transport,4,1,Daylight,1,Clear,1,Daytime,NO
1610,2016040288,40288,1,1,0,1,15,MOHAVE,268,LAKE HAVASU CITY,11,5,0,Not a Collision with Motor Vehicle In-Transport,1,1,Daylight,1,Clear,1,Daytime,YES
1611,2016040290,40290,1,1,0,1,1,APACHE,0,NONE LISTED,16,5,0,Not a Collision with Motor Vehicle In-Transport,4,1,Daylight,1,Clear,2,Nighttime,YES
1612,2016040295,40295,1,1,0,1,15,MOHAVE,0,NONE LISTED,20,5,0,Not a Collision with Motor Vehicle In-Transport,4,2,Dark - Not Lighted,1,Clear,1,Daytime,NO
1613,2016040297,40297,1,1,0,2,13,MARICOPA,0,NONE LISTED,22,5,0,Not a Collision with Motor Vehicle In-Transport,4,4,Dawn,1,Clear,1,Daytime,YES
1614,2016040298,40298,1,1,0,1,21,PINAL,70,CASA GRANDE,23,5,0,Not a Collision with Motor Vehicle In-Transport,4,2,Dark - Not Lighted,1,Clear,2,Nighttime,YES
1615,2016040299,40299,1,1,1,1,19,PIMA,530,TUCSON,25,5,0,Not a Collision with Motor Vehicle In-Transport,1,1,Daylight,1,Clear,1,Daytime,NO
1616,2016040310,40310,1,1,0,2,25,YAVAPAI,0,NONE LISTED,21,5,0,Not a Collision with Motor Vehicle In-Transport,1,1,Daylight,1,Clear,1,Daytime,YES
1617,2016040312,40312,2,2,0,2,19,PIMA,0,NONE LISTED,3,5,6,Angle,1,1,Daylight,1,Clear,1,Daytime,YES
1618,2016040313,40313,1,1,0,1,11,GREENLEE,140,DUNCAN,5,5,0,Not a Collision with Motor Vehicle In-Transport,4,1,Daylight,1,Clear,2,Nighttime,NO
1619,2016040320,40320,2,2,0,2,19,PIMA,219,GREEN VALLEY,19,5,6,Angle,1,5,Dusk,1,Clear,2,Nighttime,NO
1620,2016040321,40321,2,2,0,3,9,GRAHAM,0,NONE LISTED,21,5,8,Sideswipe - Opposite Direction,1,2,Dark - Not Lighted,1,Clear,2,Nighttime,YES
1621,2016040322,40322,2,2,0,3,25,YAVAPAI,0,NONE LISTED,25,5,2,Front-to-Front,1,1,Daylight,1,Clear,1,Daytime,YES
1622,2016040324,40324,2,2,0,5,13,MARICOPA,290,MESA,31,5,6,Angle,1,3,Dark - Lighted,1,Clear,2,Nighttime,NO
1623,2016040325,40325,2,1,0,1,13,MARICOPA,200,GLENDALE,15,5,0,Not a Collision with Motor Vehicle In-Transport,7,9,Unknown,98,Not Reported,2,Nighttime,YES
1624,2016040327,40327,1,1,1,1,13,MARICOPA,0,NONE LISTED,18,5,0,Not a Collision with Motor Vehicle In-Transport,99,9,Unknown,98,Not Reported,3,Unknown,NO
1625,2016040328,40328,1,1,0,1,13,MARICOPA,475,SUN CITY,21,5,0,Not a Collision with Motor Vehicle In-Transport,3,1,Daylight,1,Clear,2,Nighttime,YES
1626,2016040329,40329,1,1,0,1,13,MARICOPA,0,NONE LISTED,21,5,0,Not a Collision with Motor Vehicle In-Transport,4,1,Daylight,1,Clear,1,Daytime,YES
1627,2016040330,40330,2,2,0,3,21,PINAL,0,NONE LISTED,23,5,6,Angle,1,1,Daylight,1,Clear,2,Nighttime,NO
1628,2016040331,40331,2,2,0,2,13,MARICOPA,0,NONE LISTED,27,5,99,Unknown,6,1,Daylight,1,Clear,1,Daytime,YES
1629,2016040332,40332,1,1,0,1,21,PINAL,0,NONE LISTED,28,5,0,Not a Collision with Motor Vehicle In-Transport,5,1,Daylight,1,Clear,1,Daytime,NO
1630,2016040333,40333,1,1,0,2,17,NAVAJO,0,NONE LISTED,28,5,99,Unknown,99,6,Dark - Unknown Lighting,98,Not Reported,2,Nighttime,NO
1631,2016040335,40335,2,2,0,4,21,PINAL,0,NONE LISTED,31,5,7,Sideswipe - Same Direction,1,1,Daylight,1,Clear,2,Nighttime,YES
1632,2016040336,40336,1,1,0,1,13,MARICOPA,0,NONE LISTED,2,5,0,Not a Collision with Motor Vehicle In-Transport,4,1,Daylight,1,Clear,1,Daytime,NO
1633,2016040342,40342,1,1,1,1,13,MARICOPA,370,PHOENIX,9,5,0,Not a Collision with Motor Vehicle In-Transport,1,3,Dark - Lighted,1,Clear,2,Nighttime,NO
1634,2016040344,40344,1,1,1,1,13,MARICOPA,370,PHOENIX,14,5,0,Not a Collision with Motor Vehicle In-Transport,1,6,Dark - Unknown Lighting,98,Not Reported,2,Nighttime,NO
1635,2016040345,40345,1,1,1,1,13,MARICOPA,370,PHOENIX,20,5,0,Not a Collision with Motor Vehicle In-Transport,1,6,Dark - Unknown Lighting,98,Not Reported,2,Nighttime,NO
1636,2016040347,40347,1,1,0,1,13,MARICOPA,370,PHOENIX,31,5,0,Not a Collision with Motor Vehicle In-Transport,4,3,Dark - Lighted,1,Clear,2,Nighttime,NO
1637,2016040353,40353,1,1,1,1,19,PIMA,530,TUCSON,4,6,0,Not a Collision with Motor Vehicle In-Transport,1,2,Dark - Not Lighted,1,Clear,2,Nighttime,NO
1638,2016040356,40356,1,1,1,1,13,MARICOPA,190,GILBERT,7,6,0,Not a Collision with Motor Vehicle In-Transport,4,1,Daylight,1,Clear,2,Nighttime,NO
1639,2016040362,40362,2,2,0,2,25,YAVAPAI,0,NONE LISTED,11,6,2,Front-to-Front,1,1,Daylight,1,Clear,1,Daytime,YES
1640,2016040364,40364,2,2,0,4,17,NAVAJO,0,NONE LISTED,13,6,6,Angle,1,1,Daylight,1,Clear,1,Daytime,NO
1641,2016040367,40367,3,3,0,6,25,YAVAPAI,373,PRESCOTT VALLEY,14,6,6,Angle,1,1,Daylight,1,Clear,1,Daytime,YES
1642,2016040368,40368,1,1,1,1,19,PIMA,530,TUCSON,14,6,0,Not a Collision with Motor Vehicle In-Transport,1,2,Dark - Not Lighted,1,Clear,2,Nighttime,YES
1643,2016040369,40369,2,2,0,2,19,PIMA,0,NONE LISTED,14,6,6,Angle,1,1,Daylight,1,Clear,2,Nighttime,YES
1644,2016040375,40375,2,2,0,3,19,PIMA,530,TUCSON,18,6,99,Unknown,1,1,Daylight,1,Clear,1,Daytime,YES
1645,2016040376,40376,1,1,0,2,5,COCONINO,0,NONE LISTED,20,6,0,Not a Collision with Motor Vehicle In-Transport,4,2,Dark - Not Lighted,1,Clear,2,Nighttime,NO
1646,2016040379,40379,3,3,0,4,19,PIMA,530,TUCSON,26,6,1,Front-to-Rear,1,3,Dark - Lighted,10,Cloudy,2,Nighttime,YES
1647,2016040381,40381,4,4,0,12,5,COCONINO,0,NONE LISTED,27,6,0,Not a Collision with Motor Vehicle In-Transport,1,1,Daylight,1,Clear,1,Daytime,YES
1648,2016040382,40382,1,1,0,1,19,PIMA,0,NONE LISTED,5,7,0,Not a Collision with Motor Vehicle In-Transport,4,1,Daylight,1,Clear,1,Daytime,YES
1649,2016040389,40389,1,1,1,1,13,MARICOPA,290,MESA,20,6,0,Not a Collision with Motor Vehicle In-Transport,1,3,Dark - Lighted,1,Clear,2,Nighttime,YES
1650,2016040391,40391,1,1,0,1,19,PIMA,0,NONE LISTED,5,6,0,Not a Collision with Motor Vehicle In-Transport,4,1,Daylight,1,Clear,1,Daytime,NO
1651,2016040398,40398,2,2,0,3,27,YUMA,620,YUMA,20,6,6,Angle,1,1,Daylight,1,Clear,1,Daytime,YES
1652,2016040403,40403,1,1,0,3,7,GILA,0,NONE LISTED,10,6,0,Not a Collision with Motor Vehicle In-Transport,4,1,Daylight,2,Rain,1,Daytime,YES
1653,2016040404,40404,1,1,1,1,13,MARICOPA,370,PHOENIX,3,6,0,Not a Collision with Motor Vehicle In-Transport,1,1,Daylight,1,Clear,1,Daytime,YES
1654,2016040405,40405,1,1,0,2,17,NAVAJO,0,NONE LISTED,4,6,0,Not a Collision with Motor Vehicle In-Transport,4,1,Daylight,1,Clear,2,Nighttime,NO
1655,2016040406,40406,1,1,1,1,13,MARICOPA,370,PHOENIX,7,6,0,Not a Collision with Motor Vehicle In-Transport,1,3,Dark - Lighted,1,Clear,2,Nighttime,NO
1656,2016040408,40408,2,2,0,8,13,MARICOPA,189,GILA BEND,10,6,2,Front-to-Front,1,1,Daylight,1,Clear,1,Daytime,NO
1657,2016040409,40409,1,1,1,1,13,MARICOPA,370,PHOENIX,11,6,0,Not a Collision with Motor Vehicle In-Transport,1,3,Dark - Lighted,1,Clear,2,Nighttime,YES
1658,2016040410,40410,1,1,0,1,13,MARICOPA,370,PHOENIX,11,6,0,Not a Collision with Motor Vehicle In-Transport,5,6,Dark - Unknown Lighting,98,Not Reported,2,Nighttime,NO
1659,2016040413,40413,2,2,0,2,13,MARICOPA,370,PHOENIX,13,6,0,Not a Collision with Motor Vehicle In-Transport,1,1,Daylight,98,Not Reported,1,Daytime,YES
1660,2016040416,40416,1,1,0,2,13,MARICOPA,370,PHOENIX,18,6,0,Not a Collision with Motor Vehicle In-Transport,1,6,Dark - Unknown Lighting,98,Not Reported,2,Nighttime,YES
1661,2016040418,40418,1,1,0,4,13,MARICOPA,0,NONE LISTED,19,6,0,Not a Collision with Motor Vehicle In-Transport,4,2,Dark - Not Lighted,1,Clear,2,Nighttime,YES
1662,2016040419,40419,3,3,0,3,13,MARICOPA,200,GLENDALE,21,6,6,Angle,1,1,Daylight,1,Clear,1,Daytime,NO
1663,2016040422,40422,1,1,1,2,13,MARICOPA,370,PHOENIX,25,6,0,Not a Collision with Motor Vehicle In-Transport,1,6,Dark - Unknown Lighting,98,Not Reported,2,Nighttime,NO
1664,2016040425,40425,1,1,0,1,13,MARICOPA,0,NONE LISTED,28,6,0,Not a Collision with Motor Vehicle In-Transport,4,1,Daylight,1,Clear,1,Daytime,YES
1665,2016040426,40426,2,2,0,2,13,MARICOPA,370,PHOENIX,30,6,6,Angle,1,1,Daylight,98,Not Reported,1,Daytime,NO
1666,2016040427,40427,2,2,0,3,13,MARICOPA,370,PHOENIX,30,6,2,Front-to-Front,1,3,Dark - Lighted,1,Clear,2,Nighttime,YES
1667,2016040430,40430,1,1,0,4,17,NAVAJO,0,NONE LISTED,3,7,0,Not a Collision with Motor Vehicle In-Transport,4,1,Daylight,1,Clear,1,Daytime,YES
1668,2016040431,40431,1,1,0,3,19,PIMA,530,TUCSON,4,7,0,Not a Collision with Motor Vehicle In-Transport,1,1,Daylight,10,Cloudy,1,Daytime,NO
1669,2016040437,40437,1,1,1,1,19,PIMA,530,TUCSON,11,7,0,Not a Collision with Motor Vehicle In-Transport,1,1,Daylight,1,Clear,1,Daytime,NO
1670,2016040443,40443,1,1,0,1,5,COCONINO,170,FLAGSTAFF,12,7,0,Not a Collision with Motor Vehicle In-Transport,4,1,Daylight,1,Clear,2,Nighttime,NO
1671,2016040450,40450,1,1,0,1,13,MARICOPA,490,TEMPE,20,7,0,Not a Collision with Motor Vehicle In-Transport,1,1,Daylight,10,Cloudy,1,Daytime,YES
1672,2016040453,40453,2,2,0,2,7,GILA,0,NONE LISTED,22,7,2,Front-to-Front,1,1,Daylight,10,Cloudy,1,Daytime,NO
1673,2016040454,40454,1,1,0,1,15,MOHAVE,0,NONE LISTED,23,7,0,Not a Collision with Motor Vehicle In-Transport,4,6,Dark - Unknown Lighting,1,Clear,1,Daytime,NO
1674,2016040459,40459,2,1,0,1,27,YUMA,0,NONE LISTED,26,7,0,Not a Collision with Motor Vehicle In-Transport,4,6,Dark - Unknown Lighting,99,Unknown,3,Unknown,NO
1675,2016040460,40460,2,2,0,5,13,MARICOPA,290,MESA,28,7,2,Front-to-Front,1,1,Daylight,10,Cloudy,1,Daytime,YES
1676,2016040463,40463,1,1,0,1,21,PINAL,110,COOLIDGE,5,7,0,Not a Collision with Motor Vehicle In-Transport,4,1,Daylight,1,Clear,1,Daytime,YES
1677,2016040467,40467,1,1,0,1,1,APACHE,0,NONE LISTED,23,2,99,Unknown,99,6,Dark - Unknown Lighting,98,Not Reported,2,Nighttime,NO
1678,2016040468,40468,1,1,0,2,21,PINAL,70,CASA GRANDE,13,3,0,Not a Collision with Motor Vehicle In-Transport,1,6,Dark - Unknown Lighting,99,Unknown,2,Nighttime,YES
1679,2016040470,40470,1,1,0,4,13,MARICOPA,200,GLENDALE,25,6,99,Unknown,99,9,Unknown,98,Not Reported,3,Unknown,NO
1680,2016040471,40471,1,1,0,1,15,MOHAVE,0,NONE LISTED,15,7,0,Not a Collision with Motor Vehicle In-Transport,4,6,Dark - Unknown Lighting,1,Clear,2,Nighttime,YES
1681,2016040478,40478,1,1,1,1,25,YAVAPAI,0,NONE LISTED,2,7,0,Not a Collision with Motor Vehicle In-Transport,1,1,Daylight,10,Cloudy,1,Daytime,YES
1682,2016040479,40479,1,1,0,2,19,PIMA,0,NONE LISTED,3,7,0,Not a Collision with Motor Vehicle In-Transport,4,2,Dark - Not Lighted,1,Clear,2,Nighttime,YES
1683,2016040480,40480,1,1,0,1,13,MARICOPA,0,NONE LISTED,3,7,0,Not a Collision with Motor Vehicle In-Transport,6,2,Dark - Not Lighted,1,Clear,2,Nighttime,NO
1684,2016040481,40481,2,2,0,4,17,NAVAJO,0,NONE LISTED,3,7,99,Unknown,99,9,Unknown,99,Unknown,2,Nighttime,NO
1685,2016040482,40482,1,1,0,1,27,YUMA,620,YUMA,4,7,99,Unknown,99,9,Unknown,98,Not Reported,3,Unknown,NO
1686,2016040484,40484,1,1,0,1,1,APACHE,0,NONE LISTED,16,7,0,Not a Collision with Motor Vehicle In-Transport,99,1,Daylight,98,Not Reported,1,Daytime,YES
1687,2016040485,40485,2,2,0,3,13,MARICOPA,0,NONE LISTED,17,7,1,Front-to-Rear,1,1,Daylight,10,Cloudy,1,Daytime,NO
1688,2016040487,40487,1,1,0,1,15,MOHAVE,0,NONE LISTED,1,8,0,Not a Collision with Motor Vehicle In-Transport,4,4,Dawn,99,Unknown,1,Daytime,YES
1689,2016040489,40489,1,1,1,1,13,MARICOPA,290,MESA,2,8,0,Not a Collision with Motor Vehicle In-Transport,1,3,Dark - Lighted,10,Cloudy,2,Nighttime,YES
1690,2016040491,40491,3,3,0,5,1,APACHE,0,NONE LISTED,3,8,6,Angle,1,1,Daylight,10,Cloudy,1,Daytime,NO
1691,2016040493,40493,2,2,0,3,13,MARICOPA,370,PHOENIX,6,8,6,Angle,1,1,Daylight,1,Clear,1,Daytime,NO
1692,2016040498,40498,1,1,1,2,17,NAVAJO,0,NONE LISTED,11,8,0,Not a Collision with Motor Vehicle In-Transport,1,2,Dark - Not Lighted,10,Cloudy,2,Nighttime,NO
1693,2016040499,40499,2,2,0,2,13,MARICOPA,420,SCOTTSDALE,11,8,0,Not a Collision with Motor Vehicle In-Transport,4,1,Daylight,1,Clear,1,Daytime,NO
1694,2016040502,40502,1,1,0,1,15,MOHAVE,0,NONE LISTED,13,8,0,Not a Collision with Motor Vehicle In-Transport,4,1,Daylight,1,Clear,1,Daytime,NO
1695,2016040504,40504,1,1,0,2,15,MOHAVE,0,NONE LISTED,15,8,0,Not a Collision with Motor Vehicle In-Transport,4,4,Dawn,1,Clear,2,Nighttime,NO
1696,2016040507,40507,1,1,0,2,5,COCONINO,0,NONE LISTED,21,8,0,Not a Collision with Motor Vehicle In-Transport,1,2,Dark - Not Lighted,10,Cloudy,2,Nighttime,YES
1697,2016040518,40518,1,1,1,1,13,MARICOPA,370,PHOENIX,3,7,0,Not a Collision with Motor Vehicle In-Transport,1,9,Unknown,98,Not Reported,2,Nighttime,YES
1698,2016040521,40521,2,2,0,3,13,MARICOPA,370,PHOENIX,15,7,1,Front-to-Rear,1,6,Dark - Unknown Lighting,98,Not Reported,2,Nighttime,YES
1699,2016040528,40528,2,2,0,3,17,NAVAJO,0,NONE LISTED,30,8,99,Unknown,1,1,Daylight,1,Clear,1,Daytime,YES
1700,2016040533,40533,1,1,1,2,7,GILA,0,NONE LISTED,31,8,0,Not a Collision with Motor Vehicle In-Transport,1,2,Dark - Not Lighted,1,Clear,2,Nighttime,YES
1701,2016040534,40534,1,1,0,2,1,APACHE,0,NONE LISTED,21,1,0,Not a Collision with Motor Vehicle In-Transport,99,6,Dark - Unknown Lighting,98,Not Reported,2,Nighttime,YES
1702,2016040536,40536,1,1,0,2,5,COCONINO,0,NONE LISTED,25,6,0,Not a Collision with Motor Vehicle In-Transport,99,9,Unknown,98,Not Reported,3,Unknown,YES
1703,2016040537,40537,1,1,0,1,12,LA PAZ,0,NONE LISTED,25,6,0,Not a Collision with Motor Vehicle In-Transport,4,1,Daylight,1,Clear,1,Daytime,YES
1704,2016040538,40538,1,1,0,1,5,COCONINO,0,NONE LISTED,1,7,0,Not a Collision with Motor Vehicle In-Transport,5,6,Dark - Unknown Lighting,10,Cloudy,2,Nighttime,NO
1705,2016040539,40539,1,1,0,4,5,COCONINO,0,NONE LISTED,2,7,0,Not a Collision with Motor Vehicle In-Transport,1,1,Daylight,1,Clear,1,Daytime,YES